Id,Neighborhood,OverallQual,GrLivArea,GarageCars,TotalBsmtSF,YearBuilt,SalePrice,DecadeBuilt,PricePerSqFt
1,CollgCr,7,1710,2,856,2003,208500,2000,121.9298245614035
2,Veenker,6,1262,2,1262,1976,181500,1970,143.81933438985737
3,CollgCr,7,1786,2,920,2001,223500,2000,125.13997760358343
4,Crawfor,7,1717,3,756,1915,140000,1910,81.537565521258
5,NoRidge,8,2198,3,1145,2000,250000,2000,113.73976342129208
6,Mitchel,5,1362,2,796,1993,143000,1990,104.99265785609398
7,Somerst,8,1694,2,1686,2004,307000,2000,181.22786304604486
8,NWAmes,7,2090,2,1107,1973,200000,1970,95.69377990430623
9,OldTown,7,1774,2,952,1931,129900,1930,73.22435174746336
10,BrkSide,5,1077,1,991,1939,118000,1930,109.5636025998143
11,Sawyer,5,1040,1,1040,1965,129500,1960,124.51923076923077
12,NridgHt,9,2324,3,1175,2005,345000,2000,148.4509466437177
13,Sawyer,5,912,1,912,1962,144000,1960,157.89473684210526
14,CollgCr,7,1494,3,1494,2006,279500,2000,187.08165997322624
15,NAmes,6,1253,1,1253,1960,157000,1960,125.29928172386273
16,BrkSide,7,854,2,832,1929,132000,1920,154.56674473067915
17,NAmes,6,1004,2,1004,1970,149000,1970,148.40637450199202
18,Sawyer,4,1296,2,0,1967,90000,1960,69.44444444444444
19,SawyerW,5,1114,2,1114,2004,159000,2000,142.72890484739676
20,NAmes,5,1339,1,1029,1958,139000,1950,103.80881254667662
21,NridgHt,8,2376,3,1158,2005,325300,2000,136.91077441077442
22,IDOTRR,7,1108,1,637,1930,139400,1930,125.81227436823104
23,CollgCr,8,1795,2,1777,2002,230000,2000,128.13370473537606
24,MeadowV,5,1060,2,1040,1976,129900,1970,122.54716981132076
25,Sawyer,5,1060,1,1060,1968,154000,1960,145.28301886792454
26,NridgHt,8,1600,3,1566,2007,256300,2000,160.1875
27,NAmes,5,900,2,900,1951,134800,1950,149.77777777777777
28,NridgHt,8,1704,3,1704,2007,306000,2000,179.57746478873239
29,NAmes,5,1600,1,1484,1957,207500,1950,129.6875
30,BrkSide,4,520,1,520,1927,68500,1920,131.73076923076923
31,IDOTRR,4,1317,1,649,1920,40000,1920,30.372057706909644
32,Sawyer,5,1228,1,1228,1966,149350,1960,121.62052117263843
33,CollgCr,8,1234,2,1234,2007,179900,2000,145.78606158833063
34,NAmes,5,1700,2,1398,1959,165500,1950,97.3529411764706
35,NridgHt,9,1561,2,1561,2005,277500,2000,177.7706598334401
36,NridgHt,8,2452,3,1117,2004,309000,2000,126.01957585644372
37,CollgCr,5,1097,2,1097,1994,145000,1990,132.17866909753874
38,NAmes,5,1297,2,1297,1954,153000,1950,117.96453353893601
39,NAmes,5,1057,1,1057,1953,109000,1950,103.12204351939451
40,Edwards,4,1152,0,0,1955,82000,1950,71.18055555555556
41,NAmes,6,1324,2,1088,1965,160000,1960,120.84592145015105
42,Timber,5,1328,1,1350,1959,170000,1950,128.0120481927711
43,SawyerW,5,884,2,840,1983,144000,1980,162.89592760180994
44,CollgCr,5,938,1,938,1975,130250,1970,138.8592750533049
45,NAmes,5,1150,1,1150,1959,141000,1950,122.6086956521739
46,NridgHt,9,1752,2,1752,2005,319900,2000,182.59132420091325
47,Mitchel,7,2149,2,1434,2003,239686,2000,111.53373662168451
48,Somerst,8,1656,3,1656,2006,249700,2000,150.78502415458937
49,OldTown,4,1452,0,736,1920,113000,1920,77.8236914600551
50,Sawyer,5,955,1,955,1966,127000,1960,132.98429319371726
51,Gilbert,6,1470,2,794,1997,177000,1990,120.40816326530613
52,BrkSide,6,1176,2,816,1934,114500,1930,97.3639455782313
53,IDOTRR,5,816,2,816,1963,110000,1960,134.80392156862746
54,Veenker,9,1842,3,1842,1981,385000,1980,209.01194353963083
55,NAmes,5,1360,2,384,1955,130000,1950,95.58823529411765
56,NAmes,6,1425,2,1425,1964,180500,1960,126.66666666666667
57,Somerst,8,1739,2,970,1999,172500,1990,99.19493962047153
58,CollgCr,7,1720,2,860,2004,196500,2000,114.24418604651163
59,StoneBr,10,2945,3,1410,2006,438780,2000,148.99151103565364
60,CollgCr,5,780,1,780,1972,124900,1970,160.12820512820514
61,SawyerW,6,1158,2,1158,2004,158000,2000,136.44214162348877
62,IDOTRR,5,1111,1,530,1920,101000,1920,90.9090909090909
63,NridgHt,8,1370,2,1370,2006,202500,2000,147.8102189781022
64,OldTown,7,1710,2,576,1921,140000,1920,81.87134502923976
65,CollgCr,7,2034,2,1057,1997,219500,1990,107.91543756145526
66,NridgHt,8,2473,3,1143,2004,317000,2000,128.1843914274161
67,NAmes,7,2207,2,1947,1970,180000,1970,81.55867693701857
68,CollgCr,7,1479,2,1453,2003,226000,2000,152.80594996619337
69,OldTown,4,747,1,747,1945,80000,1940,107.095046854083
70,ClearCr,7,2287,2,1304,1953,225000,1950,98.38216003498033
71,NAmes,7,2223,2,2223,1973,244000,1970,109.76158344579397
72,Mitchel,4,845,2,845,1982,129500,1980,153.25443786982248
73,Gilbert,7,1718,2,832,1998,185000,1990,107.68335273573923
74,NAmes,5,1086,2,1086,1954,144900,1950,133.4254143646409
75,OldTown,3,1605,1,840,1915,107400,1910,66.91588785046729
76,MeadowV,4,988,1,462,1973,91000,1970,92.10526315789474
77,NAmes,4,952,1,952,1956,135750,1950,142.59453781512605
78,BrkSide,5,1285,1,672,1948,127000,1940,98.83268482490273
79,Sawyer,4,1768,0,1768,1968,136500,1960,77.20588235294117
80,OldTown,5,1230,2,440,1910,110000,1910,89.4308943089431
81,NAmes,6,2142,1,896,1968,193500,1960,90.33613445378151
82,Mitchel,6,1337,2,1237,1998,153500,1990,114.80927449513837
83,Somerst,8,1563,3,1563,2007,245000,2000,156.7498400511836
84,NAmes,5,1065,2,1065,1960,126500,1960,118.77934272300469
85,Gilbert,7,1474,2,384,1995,168500,1990,114.31478968792402
86,NoRidge,8,2417,2,1288,1991,260000,1990,107.57136946628052
87,Gilbert,6,1560,2,684,2005,174000,2000,111.53846153846153
88,Somerst,6,1224,2,612,2009,164500,2000,134.3954248366013
89,IDOTRR,3,1526,0,1013,1915,85000,1910,55.70117955439056
90,CollgCr,4,990,0,990,1994,123600,1990,124.84848484848484
91,NAmes,4,1040,2,0,1950,109900,1950,105.67307692307692
92,NAmes,5,1235,2,1235,1961,98600,1960,79.83805668016194
93,Crawfor,5,964,2,876,1921,163500,1920,169.6058091286307
94,OldTown,6,2291,2,1214,1910,133900,1910,58.44609340899171
95,CollgCr,6,1786,2,824,1997,204750,1990,114.64165733482643
96,Gilbert,6,1470,2,680,1993,185000,1990,125.85034013605443
97,CollgCr,7,1588,2,1588,1999,214000,1990,134.76070528967256
98,Edwards,4,960,1,960,1965,94750,1960,98.69791666666667
99,Edwards,5,835,1,458,1920,83000,1920,99.40119760479043
100,NAmes,4,1225,0,950,1959,128950,1950,105.26530612244898
101,NWAmes,6,1610,2,1610,1977,205000,1970,127.32919254658385
102,SawyerW,6,1732,2,741,1985,178000,1980,102.77136258660508
103,SawyerW,5,1535,2,0,1979,118964,1970,77.50097719869707
104,CollgCr,7,1226,3,1226,2009,198900,2000,162.23491027732464
105,IDOTRR,7,1818,1,1040,1931,169500,1930,93.23432343234323
106,Somerst,8,1992,2,1053,2003,250000,2000,125.50200803212851
107,OldTown,4,1047,1,641,1885,100000,1880,95.51098376313276
108,OldTown,5,789,1,789,1948,115000,1940,145.75411913814955
109,IDOTRR,5,1517,0,793,1919,115000,1910,75.80751483190508
110,NWAmes,6,1844,2,1844,1977,190000,1970,103.03687635574838
111,Edwards,6,1855,1,994,1954,136900,1950,73.80053908355795
112,Gilbert,7,1430,2,384,2000,180000,2000,125.87412587412588
113,CollgCr,7,2696,3,1264,2007,383970,2000,142.4221068249258
114,Crawfor,6,2259,2,1809,1953,217000,1950,96.06020362992474
115,Crawfor,6,2320,1,1028,1945,259500,1940,111.85344827586206
116,Somerst,6,1458,2,729,1999,176000,1990,120.71330589849109
117,Sawyer,5,1092,1,1092,1962,139000,1960,127.28937728937728
118,Edwards,5,1125,2,1125,2006,155000,2000,137.77777777777777
119,SawyerW,7,3222,3,1673,1990,320000,1990,99.31719428926132
120,CollgCr,6,1456,2,728,2005,163990,2000,112.63049450549451
121,ClearCr,6,988,2,938,1969,180000,1960,182.18623481781376
122,IDOTRR,4,1123,1,732,1939,100000,1930,89.04719501335708
123,NAmes,6,1080,1,1080,1958,136000,1950,125.92592592592592
124,SawyerW,6,1199,2,1199,1993,153900,1990,128.35696413678065
125,NWAmes,6,1586,2,1362,1979,181000,1970,114.12358133669609
126,IDOTRR,6,754,0,520,1935,84500,1930,112.06896551724138
127,NPkVill,6,958,2,1078,1976,128000,1970,133.61169102296452
128,OldTown,5,840,0,672,1930,87000,1930,103.57142857142857
129,NAmes,6,1348,2,660,1966,155000,1960,114.98516320474778
130,NAmes,5,1053,2,1008,1958,150000,1950,142.45014245014244
131,NAmes,7,2157,2,924,1966,226000,1960,104.77515067222996
132,Gilbert,6,2054,2,992,2000,244000,2000,118.79259980525804
133,NAmes,5,1327,2,1063,1959,150750,1950,113.60211002260739
134,Timber,8,1296,2,1267,2001,220000,2000,169.7530864197531
135,Sawyer,5,1721,2,1461,1968,180000,1960,104.59035444509006
136,NWAmes,7,1682,2,1304,1970,174000,1970,103.44827586206897
137,NAmes,5,1214,1,1214,1967,143000,1960,117.79242174629324
138,Mitchel,7,1959,3,1907,1988,171000,1980,87.28943338437979
139,CollgCr,8,1852,3,1004,1999,230000,1990,124.19006479481641
140,CollgCr,6,1764,2,928,1997,231500,1990,131.2358276643991
141,NAmes,4,864,0,864,1971,115000,1970,133.10185185185185
142,CollgCr,7,1734,2,1734,2005,260000,2000,149.94232987312571
143,NAmes,5,1385,2,910,1952,166000,1950,119.85559566787003
144,CollgCr,7,1501,2,1490,1999,204000,1990,135.90939373750834
145,Sawyer,5,1728,2,1728,1963,125000,1960,72.33796296296296
146,Edwards,6,1709,2,970,2004,130000,2000,76.06787595084845
147,BrkSide,5,875,1,715,1931,105000,1930,120.0
148,Gilbert,7,2035,2,884,2001,222500,2000,109.33660933660934
149,SawyerW,7,1080,0,1080,2004,141000,2000,130.55555555555554
150,BrkSide,5,1344,1,896,1936,115000,1930,85.56547619047619
151,CollgCr,5,969,2,969,1975,122000,1970,125.90299277605779
152,NridgHt,8,1710,3,1710,2007,372402,2000,217.77894736842106
153,NWAmes,6,1993,2,825,1971,190000,1970,95.33366783743101
154,ClearCr,6,1252,2,1602,1960,235000,1960,187.6996805111821
155,OldTown,6,1200,1,1200,1923,125000,1920,104.16666666666667
156,Edwards,6,1096,0,572,1924,79000,1920,72.08029197080292
157,NAmes,5,1040,2,0,1950,109500,1950,105.28846153846153
158,Timber,8,1968,3,774,2009,269500,2000,136.9410569105691
159,Somerst,7,1947,2,991,2004,254900,2000,130.91936312275294
160,Gilbert,7,2462,2,1392,2005,320000,2000,129.97562956945572
161,Veenker,6,1232,2,1232,1984,162500,1980,131.89935064935065
162,NridgHt,9,2668,3,1572,2003,412500,2000,154.61019490254873
163,NridgHt,7,1541,2,1541,2005,220000,2000,142.76443867618428
164,OldTown,4,882,0,882,1956,103200,1950,117.00680272108843
165,OldTown,6,1616,1,1149,1926,152000,1920,94.05940594059406
166,Edwards,5,1355,0,644,1940,127500,1940,94.09594095940959
167,ClearCr,5,1867,1,1617,1955,190000,1950,101.76754151044456
168,NridgHt,8,2161,3,1582,2007,325624,2000,150.68209162424805
169,Gilbert,7,1720,2,840,2004,183500,2000,106.68604651162791
170,Timber,8,1707,2,1686,1981,228000,1980,133.5676625659051
171,OldTown,5,1382,2,720,1941,128500,1940,92.98118668596237
172,NAmes,6,1656,2,1080,1960,215000,1960,129.83091787439614
173,StoneBr,7,1767,2,1064,1987,239000,1980,135.2574985851726
174,NAmes,6,1362,2,1362,1961,163000,1960,119.67694566813509
175,Timber,6,1651,2,1606,1986,184000,1980,111.44760751059964
176,Edwards,6,2158,2,1202,1950,243000,1950,112.60426320667284
177,ClearCr,6,2060,2,1151,1988,211000,1980,102.42718446601941
178,Sawyer,5,1920,2,1052,1958,172500,1950,89.84375
179,StoneBr,9,2234,3,2216,2008,501837,2000,224.636078782453
180,OldTown,5,968,2,968,1923,100000,1920,103.30578512396694
181,Somerst,6,1525,2,756,2000,177000,2000,116.06557377049181
182,Crawfor,7,1802,1,793,1920,200100,1920,111.04328523862375
183,Edwards,5,1340,1,0,1957,120000,1950,89.55223880597015
184,OldTown,7,2082,2,1362,2003,200000,2000,96.06147934678194
185,BrkSide,5,1252,2,504,1908,127000,1900,101.43769968051119
186,OldTown,10,3608,3,1107,1892,475000,1890,131.6518847006652
187,Mitchel,7,1217,2,1188,1990,173000,1990,142.15283483976992
188,OldTown,5,1656,1,660,1916,135000,1910,81.52173913043478
189,SawyerW,5,1224,2,1086,1979,153337,1970,125.27532679738562
190,StoneBr,8,1593,2,1593,2001,286000,2000,179.5354676710609
191,Crawfor,8,2727,2,853,1932,315000,1930,115.51155115511551
192,NAmes,7,1479,2,725,1972,184000,1970,124.40838404327248
193,CollgCr,7,1431,2,1431,1999,192000,1990,134.17190775681343
194,Edwards,7,1709,2,970,2004,130000,2000,76.06787595084845
195,CollgCr,5,864,1,864,1972,127000,1970,146.99074074074073
196,NPkVill,6,1456,2,855,1976,148500,1970,101.99175824175825
197,Somerst,7,1726,3,1726,2007,311872,2000,180.69061413673234
198,NAmes,8,3112,2,1360,1918,235000,1910,75.51413881748071
199,OldTown,6,2229,0,755,1912,104000,1910,46.657694033198744
200,NridgHt,8,1713,3,1713,2004,274900,2000,160.4786923525978
201,Edwards,4,1121,2,1121,2003,140000,2000,124.88849241748439
202,Mitchel,6,1279,2,1196,1977,171500,1970,134.08913213448005
203,OldTown,6,1310,1,617,1924,112000,1920,85.49618320610686
204,CollgCr,6,848,2,848,2004,149000,2000,175.70754716981133
205,OldTown,5,1284,1,720,1947,110000,1940,85.66978193146417
206,Gilbert,7,1442,2,1424,1990,180500,1990,125.17337031900139
207,Sawyer,5,1696,1,1140,1962,143900,1960,84.84669811320755
208,NAmes,4,1100,1,1100,1960,141000,1960,128.1818181818182
209,SawyerW,7,2062,2,1157,1988,277000,1980,134.33559650824444
210,NAmes,6,1092,2,1092,1964,145000,1960,132.78388278388277
211,Edwards,5,864,0,864,1925,98000,1920,113.42592592592592
212,Edwards,6,1212,2,1212,2009,186000,2000,153.46534653465346
213,Somerst,7,1852,2,900,2009,252678,2000,136.4352051835853
214,CollgCr,5,990,2,990,1995,156000,1990,157.57575757575756
215,CollgCr,6,1392,1,689,1977,161750,1970,116.19971264367815
216,NAmes,5,1236,1,1070,1957,134450,1950,108.77831715210355
217,CollgCr,7,1436,2,1436,2004,210000,2000,146.23955431754874
218,OldTown,4,1328,1,686,1925,107000,1920,80.57228915662651
219,Crawfor,7,1954,2,798,1939,311500,1930,159.41658137154556
220,Blmngtn,7,1248,2,1248,2005,167240,2000,134.00641025641025
221,CollgCr,7,1498,2,1498,2006,204900,2000,136.78237650200268
222,Gilbert,6,2267,2,1010,2002,200000,2000,88.2223202470225
223,NWAmes,6,1552,2,713,1975,179900,1970,115.91494845360825
224,NAmes,4,864,2,864,1971,97000,1970,112.26851851851852
225,NridgHt,10,2392,3,2392,2003,386250,2000,161.4757525083612
226,BrDale,5,1302,1,630,1971,112000,1970,86.02150537634408
227,NoRidge,7,2520,3,1203,1995,290000,1990,115.07936507936508
228,BrDale,6,987,1,483,1970,106000,1970,107.39614994934144
229,Sawyer,5,912,1,912,1967,125000,1960,137.06140350877192
230,Blmngtn,7,1555,2,1373,2005,192500,2000,123.79421221864952
231,NAmes,6,1194,1,1194,1959,148000,1950,123.95309882747068
232,NoRidge,8,2794,3,1462,1995,403000,1990,144.23765211166787
233,BrDale,6,987,1,483,1972,94500,1970,95.74468085106383
234,CollgCr,5,894,1,894,1976,128200,1970,143.40044742729307
235,Gilbert,6,1960,2,860,2002,216500,2000,110.45918367346938
236,BrDale,6,987,1,483,1971,89500,1970,90.67882472137791
237,CollgCr,7,1414,2,1414,2004,185500,2000,131.1881188118812
238,SawyerW,7,1744,2,996,1993,194500,1990,111.52522935779817
239,NridgHt,8,1694,3,1694,2007,318000,2000,187.72136953955135
240,Edwards,6,1487,1,735,1945,113000,1940,75.99193006052455
241,Somerst,8,1566,2,1566,2008,262500,2000,167.62452107279694
242,OldTown,5,866,0,686,1945,110500,1940,127.59815242494226
243,OldTown,5,1440,1,540,1900,79000,1900,54.861111111111114
244,SawyerW,6,1217,1,626,1980,120000,1980,98.60312243221036
245,SawyerW,7,2110,2,948,1994,205000,1990,97.1563981042654
246,NWAmes,7,1872,2,1845,1988,241500,1980,129.00641025641025
247,OldTown,6,1928,1,1020,1910,137000,1910,71.05809128630706
248,NAmes,6,1375,2,1367,1954,140000,1950,101.81818181818181
249,CollgCr,7,1668,2,840,2003,180000,2000,107.9136690647482
250,ClearCr,6,2144,2,1444,1958,277000,1950,129.19776119402985
251,BrkSide,3,1306,0,728,1940,76500,1940,58.575803981623274
252,Crawfor,8,1625,2,1573,2006,235000,2000,144.6153846153846
253,SawyerW,6,1640,2,798,2004,173000,2000,105.48780487804878
254,NAmes,6,1302,1,1302,1964,158000,1960,121.35176651305683
255,NAmes,5,1314,1,1314,1957,145000,1950,110.35007610350075
256,Gilbert,7,2291,2,975,1999,230000,1990,100.39284155390659
257,Somerst,6,1728,2,864,2003,207500,2000,120.08101851851852
258,CollgCr,7,1604,2,1604,2006,220000,2000,137.1571072319202
259,CollgCr,7,1792,2,963,2001,231500,2000,129.18526785714286
260,OldTown,5,882,1,0,1956,97000,1950,109.97732426303855
261,NAmes,6,1382,2,1362,1962,176000,1960,127.35166425470332
262,CollgCr,8,2574,3,1482,2007,276000,2000,107.22610722610723
263,Sawyer,6,1212,2,506,1977,151000,1970,124.58745874587459
264,OldTown,5,1316,2,926,1929,130000,1920,98.78419452887537
265,OldTown,5,764,2,680,1925,73000,1920,95.54973821989529
266,NWAmes,6,1422,2,1422,1981,175500,1980,123.41772151898734
267,Gilbert,6,1511,2,802,1997,185000,1990,122.43547319655858
268,SWISU,5,2192,1,720,1939,179500,1930,81.88868613138686
269,IDOTRR,5,778,1,740,1940,120500,1940,154.88431876606683
270,Edwards,6,1113,1,1143,1976,148000,1970,132.973944294699
271,Somerst,8,1939,3,1095,2006,266000,2000,137.1841155234657
272,ClearCr,7,1363,2,1385,1954,241500,1950,177.1826852531181
273,NoRidge,8,2270,3,1152,1999,290000,1990,127.7533039647577
274,NAmes,6,1632,1,1240,1958,139000,1950,85.17156862745098
275,Mitchel,5,816,1,816,1982,124500,1980,152.5735294117647
276,BrkSide,7,1548,2,952,1925,205000,1920,132.42894056847544
277,Mitchel,7,1560,2,1560,2003,201000,2000,128.84615384615384
278,Gilbert,4,864,2,864,1951,141000,1950,163.19444444444446
279,NridgHt,9,2121,3,2121,2006,415298,2000,195.8029231494578
280,ClearCr,7,2022,2,1160,1977,192000,1970,94.95548961424332
281,SawyerW,7,1982,2,807,1989,228500,1980,115.28758829465187
282,Somerst,6,1262,2,1262,2006,185000,2000,146.59270998415215
283,NridgHt,7,1314,2,1314,2007,207500,2000,157.91476407914763
284,Somerst,8,1468,3,1468,2008,244600,2000,166.62125340599454
285,SawyerW,6,1575,2,1575,1992,179200,1990,113.77777777777777
286,Somerst,7,1250,2,625,2006,164700,2000,131.76
287,NAmes,6,1734,2,912,1962,159000,1960,91.6955017301038
288,NAmes,4,858,0,858,1971,88000,1970,102.56410256410257
289,Sawyer,5,900,1,882,1967,122000,1960,135.55555555555554
290,BrkSide,6,1396,1,698,1915,153575,1910,110.01074498567336
291,CollgCr,8,1919,2,1079,2006,233230,2000,121.5372589890568
292,SWISU,5,1716,0,780,1912,135900,1910,79.1958041958042
293,Edwards,5,1716,1,768,1949,131000,1940,76.34032634032634
294,NWAmes,7,2263,2,795,1977,235000,1970,103.844454264251
295,NAmes,6,1644,2,1416,1953,167000,1950,101.58150851581509
296,Mitchel,6,1003,2,1003,1984,142500,1980,142.073778664008
297,IDOTRR,5,1558,1,910,1950,152000,1950,97.5609756097561
298,Somerst,7,1950,2,975,1997,239000,1990,122.56410256410257
299,NWAmes,6,1743,2,702,1968,175000,1960,100.40160642570281
300,Crawfor,6,1152,1,1092,1950,158500,1950,137.58680555555554
301,Crawfor,5,1336,1,1165,1953,157000,1950,117.51497005988024
302,CollgCr,8,2452,2,1028,1998,267000,1990,108.89070146818923
303,CollgCr,7,1541,3,1541,2001,205000,2000,133.03049967553537
304,CollgCr,5,894,2,894,1972,149900,1970,167.67337807606265
305,OldTown,7,3493,3,1470,1880,295000,1880,84.45462353277985
306,CollgCr,8,2000,3,2000,2004,305900,2000,152.95
307,SawyerW,7,2243,3,700,1990,225000,1990,100.31208203299153
308,IDOTRR,6,1406,0,319,1920,89500,1920,63.65576102418208
309,Edwards,4,861,2,861,1940,82500,1940,95.81881533101046
310,NridgHt,9,1944,3,1896,2003,360000,2000,185.1851851851852
311,Gilbert,6,1501,2,697,1993,165600,1990,110.32644903397735
312,NAmes,6,972,1,972,1948,132000,1940,135.80246913580248
313,OldTown,5,1118,2,793,1939,119900,1930,107.24508050089446
314,Timber,7,2036,2,2136,1965,375000,1960,184.18467583497053
315,OldTown,7,1641,2,728,1925,178000,1920,108.47044485070079
316,Gilbert,7,1432,2,716,2004,188500,2000,131.6340782122905
317,NWAmes,7,2353,2,845,1980,260000,1980,110.49723756906077
318,Somerst,8,1959,3,1088,2006,270000,2000,137.82542113323123
319,NoRidge,7,2646,3,1347,1993,260000,1990,98.26152683295541
320,NWAmes,7,1472,2,1372,1980,187500,1980,127.37771739130434
321,NridgHt,9,2596,3,1249,2006,342643,2000,131.98882896764252
322,NridgHt,8,2468,3,1136,2004,354000,2000,143.4359805510535
323,SawyerW,7,2730,2,1502,1986,301000,1980,110.25641025641026
324,OldTown,3,1163,1,1162,1955,126175,1950,108.49097162510748
325,NAmes,7,2978,2,710,1967,242000,1960,81.26259234385493
326,IDOTRR,5,803,2,720,1941,87000,1940,108.34371108343711
327,Veenker,8,1719,2,1719,1993,324000,1990,188.48167539267016
328,NAmes,6,1383,1,1383,1960,145250,1960,105.02530730296456
329,BrkSide,6,2134,2,844,1916,214500,1910,100.51546391752578
330,IDOTRR,5,1192,1,596,1920,78000,1920,65.43624161073825
331,NAmes,5,1728,1,1728,1964,119000,1960,68.86574074074075
332,NAmes,5,1056,1,1056,1958,139000,1950,131.62878787878788
333,NridgHt,8,1629,3,3206,2003,284000,2000,174.3400859422959
334,NridgHt,7,1358,2,1358,2004,207000,2000,152.43004418262151
335,Gilbert,6,1638,2,943,1998,192000,1990,117.21611721611721
336,Timber,5,1786,2,1499,1965,228950,1960,128.19148936170214
337,StoneBr,9,1922,3,1922,2005,377426,2000,196.37148803329865
338,CollgCr,7,1536,2,1536,2002,214000,2000,139.32291666666666
339,NWAmes,7,1621,2,1208,1984,202500,1980,124.92288710672425
340,NAmes,6,1215,1,1215,1958,155000,1950,127.57201646090535
341,Timber,8,1908,2,967,2002,202900,2000,106.34171907756813
342,SawyerW,4,841,1,721,1950,82000,1950,97.50297265160523
343,NAmes,3,1040,2,0,1949,87500,1940,84.13461538461539
344,NridgHt,9,1684,2,1684,2005,266000,2000,157.95724465558195
345,MeadowV,5,1112,1,536,1976,85000,1970,76.43884892086331
346,BrkSide,6,1577,1,972,1939,140200,1930,88.90298034242232
347,NAmes,6,958,1,958,1960,151500,1960,158.1419624217119
348,NAmes,6,1478,2,1478,1960,157500,1960,106.56292286874154
349,NridgHt,7,1626,2,764,2003,154000,2000,94.71094710947109
350,NridgHt,9,2728,3,1848,2005,437154,2000,160.24706744868035
351,NridgHt,9,1869,2,1869,2007,318061,2000,170.17710005350455
352,ClearCr,7,1453,2,1453,1986,190000,1980,130.7639366827254
353,Edwards,5,1111,1,616,1941,95000,1940,85.5085508550855
354,OldTown,6,720,2,624,1928,105900,1920,147.08333333333334
355,SWISU,6,1595,1,940,1940,140000,1940,87.7742946708464
356,CollgCr,6,1200,2,1200,1995,177500,1990,147.91666666666666
357,Gilbert,6,1167,2,1158,1992,173000,1990,148.2433590402742
358,MeadowV,5,1142,2,1142,1976,134000,1970,117.33800350262698
359,ClearCr,5,1352,1,1062,1958,130000,1950,96.15384615384616
360,NoRidge,8,1924,2,1086,1998,280000,1990,145.53014553014552
361,Mitchel,6,912,2,888,1978,156000,1970,171.05263157894737
362,BrkSide,5,1505,1,883,1940,145000,1940,96.34551495016612
363,Edwards,7,1922,2,0,2003,198500,2000,103.27783558792925
364,BrDale,6,987,1,483,1972,118000,1970,119.55420466058764
365,NWAmes,6,1574,2,796,1976,190000,1970,120.71156289707751
366,IDOTRR,5,1344,1,672,1920,147000,1920,109.375
367,NAmes,6,1394,2,1394,1963,159000,1960,114.06025824964132
368,NAmes,6,1431,1,1099,1962,165000,1960,115.30398322851153
369,NAmes,5,1268,1,1268,1954,132000,1950,104.10094637223975
370,NAmes,5,1287,2,1063,1959,162000,1950,125.87412587412588
371,Gilbert,6,1664,2,953,2000,172400,2000,103.60576923076923
372,ClearCr,4,1588,2,0,1959,134432,1950,84.65491183879094
373,SawyerW,6,752,1,744,1984,125000,1980,166.22340425531914
374,NAmes,5,1319,1,608,1953,123000,1950,93.2524639878696
375,CollgCr,7,1928,2,847,2003,219500,2000,113.84854771784232
376,Edwards,1,904,0,683,1922,61000,1920,67.47787610619469
377,CollgCr,5,914,2,870,1996,148000,1990,161.92560175054706
378,Somerst,8,2466,2,1580,2004,340000,2000,137.87510137875103
379,StoneBr,9,1856,3,1856,2010,394432,2010,212.51724137931035
380,Gilbert,6,1800,2,982,2000,179000,2000,99.44444444444444
381,SWISU,5,1691,1,1026,1924,127000,1920,75.10348905972798
382,Somerst,7,1301,2,1293,2006,187750,2000,144.31206764027672
383,CollgCr,7,1797,2,939,2006,213500,2000,118.80912632164718
384,SawyerW,6,784,2,784,1928,76000,1920,96.93877551020408
385,ClearCr,6,1953,2,1580,1992,240000,1990,122.88786482334869
386,Blmngtn,8,1269,2,1256,2004,192000,2000,151.30023640661938
387,Edwards,5,1184,0,658,1910,81000,1910,68.41216216216216
388,Edwards,6,1125,1,1041,1976,125000,1970,111.11111111111111
389,CollgCr,7,1479,2,1468,1999,191000,1990,129.14131169709262
390,NridgHt,10,2332,3,1682,2007,426000,2000,182.67581475128645
391,Edwards,5,1367,1,861,1900,119000,1900,87.05193855157279
392,Mitchel,6,1961,2,804,2001,215000,2000,109.63793982661907
393,NAmes,5,882,1,0,1959,106500,1950,120.74829931972789
394,BrkSide,4,788,0,788,1941,100000,1940,126.90355329949239
395,OldTown,5,1034,1,735,1940,109000,1940,105.41586073500967
396,Edwards,5,1144,1,1144,1956,129000,1950,112.76223776223776
397,CollgCr,5,894,2,894,1972,123000,1970,137.58389261744966
398,NAmes,5,1812,1,864,1962,169500,1960,93.54304635761589
399,IDOTRR,5,1077,1,961,1920,67000,1920,62.20984215413185
400,Somerst,7,1550,2,1092,2006,241000,2000,155.48387096774192
401,Veenker,8,1288,2,1260,1996,245500,1990,190.6055900621118
402,CollgCr,7,1310,2,1310,2005,164990,2000,125.94656488549619
403,Sawyer,5,672,1,672,1940,108000,1940,160.71428571428572
404,NoRidge,8,2263,2,1141,1998,258000,1990,114.00795404330535
405,Gilbert,6,1572,2,806,1995,168000,1990,106.87022900763358
406,Sawyer,4,1620,2,1281,1976,150000,1970,92.5925925925926
407,SWISU,6,1639,1,1064,1936,115000,1930,70.1647345942648
408,Crawfor,6,1680,1,840,1915,177000,1910,105.35714285714286
409,NridgHt,7,2172,3,1063,2006,280000,2000,128.9134438305709
410,Somerst,8,2078,3,1034,2007,339750,2000,163.4985563041386
411,Edwards,5,1276,1,1276,1958,60000,1950,47.02194357366771
412,Gilbert,5,1056,2,1056,1955,145000,1950,137.31060606060606
413,Somerst,7,1478,2,1470,2009,222000,2000,150.20297699594045
414,OldTown,5,1028,2,1008,1927,115000,1920,111.86770428015564
415,SawyerW,7,2097,3,1080,1993,228000,1990,108.72675250357653
416,Gilbert,7,1340,2,1340,2007,181134,2000,135.17462686567166
417,Sawyer,6,1400,2,672,1978,149500,1970,106.78571428571429
418,Crawfor,6,2624,3,1370,1918,239000,1910,91.08231707317073
419,Edwards,5,1134,1,756,1940,126000,1940,111.11111111111111
420,NAmes,5,1056,1,1056,1968,142000,1960,134.46969696969697
421,Mitchel,7,1344,4,1344,1997,206300,1990,153.4970238095238
422,NWAmes,6,1602,2,1602,1977,215000,1970,134.207240948814
423,Mitchel,5,988,2,988,1954,113000,1950,114.37246963562752
424,NoRidge,8,2630,3,1470,1998,315000,1990,119.77186311787072
425,NAmes,6,1196,1,1196,1956,139000,1950,116.22073578595318
426,OldTown,7,1389,1,651,1946,135000,1940,97.19222462203024
427,SawyerW,7,1644,2,1518,1989,275000,1980,167.27493917274938
428,NAmes,4,907,1,907,1957,109008,1950,120.18522601984564
429,CollgCr,7,1208,2,1208,2007,195400,2000,161.75496688741723
430,Timber,6,1412,2,1392,1988,175000,1980,123.93767705382436
431,BrDale,6,987,1,483,1971,85400,1970,86.52482269503547
432,OldTown,6,1198,0,901,1920,79900,1920,66.69449081803005
433,BrDale,5,1365,2,765,1971,122500,1970,89.74358974358974
434,Gilbert,6,1604,2,926,1997,181000,1990,112.8428927680798
435,MeadowV,4,630,0,630,1972,81000,1970,128.57142857142858
436,CollgCr,7,1661,2,799,1996,212000,1990,127.63395544852499
437,OldTown,6,1118,2,648,1920,116000,1920,103.7567084078712
438,BrkSide,6,904,1,884,1926,119000,1920,131.63716814159292
439,Crawfor,5,694,1,440,1913,90350,1910,130.18731988472624
440,Edwards,6,1196,2,684,1920,110000,1920,91.97324414715719
441,NridgHt,10,2402,3,3094,2008,555000,2000,231.05745212323063
442,Edwards,4,1440,0,1440,1955,118000,1950,81.94444444444444
443,BrkSide,5,1573,2,1078,1930,162900,1930,103.56007628734902
444,Blmngtn,7,1258,3,1258,2006,172500,2000,137.12241653418124
445,CollgCr,7,1908,2,915,1994,210000,1990,110.062893081761
446,Edwards,6,1689,2,1436,1956,127500,1950,75.48845470692717
447,NAmes,6,1888,2,1517,1966,190000,1960,100.63559322033899
448,Gilbert,7,1886,2,930,1998,199900,1990,105.9915164369035
449,IDOTRR,6,1376,1,780,1937,119500,1930,86.84593023255815
450,OldTown,3,1183,1,649,1948,120000,1940,101.43702451394759
451,OldTown,6,813,1,813,1930,110000,1930,135.30135301353013
452,ClearCr,7,1533,2,1533,1975,280000,1970,182.64840182648402
453,Timber,6,1756,2,872,1996,204000,1990,116.17312072892939
454,Somerst,8,1590,2,768,2008,210000,2000,132.0754716981132
455,Mitchel,5,1728,2,1728,1976,188000,1970,108.79629629629629
456,NWAmes,7,1242,2,1242,1973,175500,1970,141.30434782608697
457,OldTown,5,1344,3,624,1916,98000,1910,72.91666666666667
458,ClearCr,4,1663,2,1364,1954,256000,1950,153.9386650631389
459,OldTown,8,1666,1,588,1925,161000,1920,96.63865546218487
460,BrkSide,5,1203,1,709,1950,110000,1950,91.4380714879468
461,Somerst,8,1935,2,832,2009,263435,2000,136.1421188630491
462,SWISU,7,1135,2,560,1936,155000,1930,136.56387665198238
463,Sawyer,5,864,1,864,1965,62383,1960,72.20254629629629
464,Crawfor,6,1660,1,715,1934,188700,1930,113.67469879518072
465,CollgCr,5,1040,0,1040,1978,124000,1970,119.23076923076923
466,Blmngtn,7,1414,2,1375,2004,178740,2000,126.4073550212164
467,NAmes,7,1277,2,1277,1970,167000,1970,130.7752545027408
468,NAmes,5,1644,1,728,1942,146500,1940,89.11192214111922
469,NridgHt,8,1634,3,1626,2006,250000,2000,152.99877600979192
470,SawyerW,6,1710,2,832,1993,187000,1990,109.35672514619883
471,StoneBr,8,1502,2,1488,1985,212000,1980,141.1451398135819
472,NWAmes,7,1969,2,808,1977,190000,1970,96.49568308786186
473,Edwards,6,1072,2,547,2005,148000,2000,138.0597014925373
474,NridgHt,8,1976,3,1976,2006,440000,2000,222.67206477732793
475,StoneBr,8,1652,2,1494,2000,251000,2000,151.9370460048426
476,Sawyer,5,970,2,970,1963,132500,1960,136.5979381443299
477,CollgCr,6,1493,2,1478,1997,208900,1990,139.91962491627595
478,NridgHt,9,2643,3,2153,2006,380000,2000,143.77601210745365
479,CollgCr,8,1718,3,1705,2007,297000,2000,172.8754365541327
480,OldTown,4,1131,2,907,1937,89471,1930,79.1078691423519
481,NridgHt,9,1850,3,1833,2004,326000,2000,176.21621621621622
482,NridgHt,9,1792,3,1792,2003,374000,2000,208.70535714285714
483,OldTown,7,1826,1,910,1915,155000,1910,84.88499452354874
484,Mitchel,6,1216,2,1216,1998,164000,1990,134.8684210526316
485,Sawyer,5,999,1,999,1962,132500,1960,132.63263263263264
486,NAmes,5,1113,1,1113,1950,147000,1950,132.0754716981132
487,NAmes,5,1073,2,1073,1965,156000,1960,145.38676607642125
488,NWAmes,5,1484,2,1484,1971,175000,1970,117.9245283018868
489,OldTown,5,2414,2,954,1900,160000,1900,66.28003314001657
490,MeadowV,4,630,1,630,1970,86000,1970,136.5079365079365
491,MeadowV,5,1304,1,264,1976,115000,1970,88.19018404907976
492,NAmes,6,1578,1,806,1941,133000,1940,84.28390367553865
493,Gilbert,6,1456,2,728,2006,172785,2000,118.67101648351648
494,NAmes,5,1269,1,1269,1960,155000,1960,122.14342001576044
495,OldTown,5,886,1,190,1938,91300,1930,103.04740406320542
496,IDOTRR,4,720,0,720,1920,34900,1920,48.47222222222222
497,NoRidge,8,3228,2,3200,1992,430000,1990,133.20941759603468
498,BrkSide,7,1820,1,1026,1925,184000,1920,101.0989010989011
499,Sawyer,5,899,1,864,1967,130000,1960,144.60511679644048
500,NAmes,5,912,1,912,1958,120000,1950,131.57894736842104
501,BrDale,6,1218,1,672,1973,113000,1970,92.77504105090313
502,Somerst,7,1768,2,866,2005,226700,2000,128.2239819004525
503,Edwards,5,1214,2,1214,1965,140000,1960,115.32125205930807
504,Crawfor,7,1801,2,1501,1959,289000,1950,160.46640755136036
505,NPkVill,6,1322,2,855,1974,147000,1970,111.19515885022693
506,OldTown,5,1960,2,960,1952,124500,1950,63.52040816326531
507,SawyerW,8,1911,2,777,1993,215000,1990,112.50654107796964
508,Somerst,6,1218,2,1218,2009,208300,2000,171.01806239737274
509,OldTown,7,1378,2,689,1928,161000,1920,116.83599419448475
510,NAmes,5,1041,1,1041,1959,124500,1950,119.59654178674351
511,NAmes,5,1363,1,1008,1951,164900,1950,120.98312545854732
512,NridgHt,7,1368,2,1368,2005,202665,2000,148.1469298245614
513,NAmes,5,864,2,864,1958,129900,1950,150.34722222222223
514,Mitchel,6,1080,2,1084,1983,134000,1980,124.07407407407408
515,Crawfor,5,789,1,768,1926,96500,1920,122.30671736375159
516,NridgHt,10,2020,3,2006,2009,402861,2000,199.43613861386137
517,NWAmes,6,2119,2,689,1972,158000,1970,74.56347333647948
518,NoRidge,7,2344,3,1264,1996,265000,1990,113.05460750853243
519,CollgCr,6,1796,2,794,1998,211000,1990,117.48329621380846
520,Crawfor,7,2080,1,1276,1926,234000,1920,112.5
521,OldTown,4,1294,0,0,1900,106250,1900,82.1097372488408
522,NAmes,6,1244,1,1244,1957,150000,1950,120.57877813504822
523,BrkSide,6,1664,2,1004,1947,159000,1940,95.55288461538461
524,Edwards,10,4676,3,3138,2007,184750,2000,39.51026518391788
525,NoRidge,7,2398,3,1379,1996,315750,1990,131.6722268557131
526,Somerst,7,1266,2,1257,2005,176000,2000,139.02053712480253
527,NAmes,5,928,1,928,1956,132000,1950,142.24137931034483
528,NridgHt,9,2713,3,1452,2008,446261,2000,164.48986361960928
529,Edwards,4,605,0,528,1920,86000,1920,142.1487603305785
530,Crawfor,6,2515,2,2035,1957,200624,1950,79.77097415506958
531,Timber,6,1509,2,1461,1988,175000,1980,115.97084161696488
532,BrkSide,6,1362,2,611,1920,128000,1920,93.97944199706315
533,NAmes,5,827,1,0,1955,107500,1950,129.98790810157195
534,BrkSide,1,334,0,0,1946,39300,1940,117.66467065868264
535,Gilbert,8,1414,2,707,2004,178000,2000,125.88401697312588
536,Edwards,5,1347,0,1117,1910,107500,1910,79.80697847067557
537,CollgCr,7,1724,2,880,1998,188000,1990,109.04872389791183
538,NAmes,4,864,2,864,1972,111250,1970,128.76157407407408
539,Sawyer,5,1159,1,1051,1968,158000,1960,136.3244176013805
540,CollgCr,8,1601,2,1581,2001,272000,2000,169.89381636477202
541,Timber,9,1838,3,1838,2006,315000,2000,171.38193688792165
542,NoRidge,8,2285,3,969,2000,248000,2000,108.53391684901531
543,NWAmes,7,1680,2,1650,1998,213250,1990,126.93452380952381
544,NAmes,7,767,1,723,1998,133000,1990,173.40286831812256
545,Gilbert,7,1496,2,654,2006,179665,2000,120.09692513368984
546,NWAmes,7,2183,3,1204,1988,229000,1980,104.90151168117269
547,BrkSide,6,1635,2,1065,1923,210000,1920,128.44036697247705
548,Mitchel,5,768,2,768,1970,129500,1970,168.61979166666666
549,OldTown,5,825,2,825,1955,125000,1950,151.5151515151515
550,Somerst,7,2094,2,912,2003,263000,2000,125.59694364851958
551,NPkVill,6,1069,2,1069,1977,140000,1970,130.96351730589336
552,OldTown,5,928,1,928,1957,112500,1950,121.22844827586206
553,NridgHt,8,1717,3,1709,2006,255500,2000,148.80605707629587
554,Edwards,4,1126,2,0,1949,108000,1940,95.91474245115452
555,NridgHt,7,2046,3,998,2003,284000,2000,138.80742913000978
556,BrkSide,5,1048,1,993,1922,113000,1920,107.82442748091603
557,NAmes,5,1092,1,1092,1957,141000,1950,129.12087912087912
558,IDOTRR,4,1336,1,637,1920,108000,1920,80.83832335329342
559,Gilbert,7,1446,2,729,1996,175000,1990,121.02351313969571
560,Blmngtn,7,1557,2,1374,2003,234000,2000,150.28901734104045
561,Sawyer,5,1392,2,1392,1957,121500,1950,87.28448275862068
562,Mitchel,5,1389,2,1389,1974,170000,1970,122.39020878329734
563,Edwards,5,996,0,996,1940,108000,1940,108.43373493975903
564,Edwards,6,1674,2,1163,1918,185000,1910,110.51373954599761
565,NoRidge,7,2295,2,1095,1992,268000,1990,116.7755991285403
566,SWISU,6,1647,1,806,1915,128000,1910,77.7170613236187
567,StoneBr,9,2504,3,1122,2005,325000,2000,129.79233226837061
568,NridgHt,7,1535,2,1517,2004,214000,2000,139.41368078175896
569,SawyerW,8,2132,2,1496,1983,316600,1980,148.49906191369607
570,NAmes,5,943,2,943,1979,135960,1970,144.17815482502652
571,NAmes,5,1728,2,1728,1965,142600,1960,82.52314814814815
572,NAmes,6,864,1,864,1959,120000,1950,138.88888888888889
573,Timber,7,1692,2,846,2009,224500,2000,132.68321513002365
574,Gilbert,7,1430,2,384,2000,170000,2000,118.88111888111888
575,NAmes,5,1109,1,372,1971,139000,1970,125.33814247069432
576,NAmes,5,1216,1,832,1947,118500,1940,97.45065789473684
577,SWISU,7,1477,1,861,1928,145000,1920,98.1719702098849
578,Sawyer,5,1320,2,1164,1966,164500,1960,124.62121212121212
579,Somerst,7,1392,2,689,2007,146000,2000,104.88505747126437
580,OldTown,5,1795,1,1050,1954,131500,1950,73.25905292479109
581,NAmes,6,1429,2,1144,1960,181900,1960,127.29181245626312
582,NridgHt,8,2042,3,2042,2008,253293,2000,124.04162585700294
583,Edwards,6,816,0,816,1990,118500,1990,145.22058823529412
584,OldTown,10,2775,2,1237,1893,325000,1890,117.11711711711712
585,BrkSide,4,1573,1,884,1935,133000,1930,84.5518118245391
586,Timber,8,2028,3,1868,2005,369900,2000,182.39644970414201
587,BrkSide,6,838,1,816,1918,130000,1910,155.13126491646779
588,Sawyer,5,860,2,840,1982,137000,1980,159.30232558139534
589,ClearCr,5,1473,1,1437,1968,143000,1960,97.08078750848608
590,BrkSide,5,935,1,742,1930,79500,1930,85.02673796791444
591,CollgCr,7,1582,2,770,2004,185900,2000,117.5094816687737
592,NridgHt,10,2296,3,1722,2008,451950,2000,196.84233449477352
593,Mitchel,5,816,2,816,1982,138000,1980,169.11764705882354
594,CollgCr,6,848,2,848,2003,140000,2000,165.0943396226415
595,CollgCr,5,924,1,924,1975,110000,1970,119.04761904761905
596,StoneBr,8,1826,3,1814,2005,319000,2000,174.6987951807229
597,OldTown,6,1368,1,684,1910,114504,1910,83.70175438596492
598,Blmngtn,7,1402,3,1258,2006,194201,2000,138.51711840228245
599,Crawfor,5,1647,2,1430,1977,217500,1970,132.05828779599273
600,Blueste,6,1556,2,716,1980,151000,1980,97.04370179948586
601,NridgHt,8,1904,2,1058,2005,275000,2000,144.4327731092437
602,IDOTRR,6,1375,1,780,1937,141000,1930,102.54545454545455
603,SawyerW,8,1915,2,908,1992,220000,1990,114.88250652741515
604,Somerst,7,1200,2,600,2004,151000,2000,125.83333333333333
605,CollgCr,7,1494,2,1494,2002,221000,2000,147.92503346720216
606,NAmes,7,1986,2,768,1965,205000,1960,103.22255790533737
607,CollgCr,5,1040,2,1040,1996,152000,1990,146.15384615384616
608,Edwards,5,2008,1,896,1948,225000,1940,112.05179282868527
609,Crawfor,8,3194,2,965,1934,359100,1930,112.42955541640576
610,Sawyer,4,1029,1,1029,1961,118500,1960,115.1603498542274
611,CollgCr,9,2153,3,1440,2000,313000,2000,145.37854156990247
612,NWAmes,6,1032,2,1032,1978,148000,1970,143.4108527131783
613,CollgCr,8,1872,2,1299,2001,261500,2000,139.69017094017093
614,Mitchel,5,1120,0,1120,2007,147000,2000,131.25
615,MeadowV,4,630,0,630,1972,75500,1970,119.84126984126983
616,NAmes,6,1054,2,936,1963,137500,1960,130.45540796963948
617,Gilbert,6,1509,2,783,2002,183200,2000,121.4049039098741
618,NAmes,6,832,2,832,1954,105500,1950,126.80288461538461
619,NridgHt,9,1828,3,1822,2007,314813,2000,172.2171772428884
620,Timber,8,2262,3,1482,2003,305000,2000,134.83642793987622
621,Edwards,3,864,0,864,1914,67000,1910,77.54629629629629
622,NWAmes,6,2614,2,1522,1974,240000,1970,91.8133129303749
623,Sawyer,5,980,2,980,1977,135000,1970,137.75510204081633
624,Somerst,6,1512,2,756,2000,168500,2000,111.44179894179894
625,NWAmes,6,1790,2,732,1972,165150,1970,92.26256983240224
626,NAmes,6,1116,2,1116,1962,160000,1960,143.36917562724014
627,NAmes,5,1422,1,978,1960,139900,1960,98.38255977496483
628,NAmes,6,1520,1,1156,1955,153000,1950,100.65789473684211
629,NAmes,5,2080,2,1040,1969,135000,1960,64.90384615384616
630,NAmes,6,1350,2,1248,1964,168500,1960,124.81481481481481
631,OldTown,5,1750,1,636,1880,124000,1880,70.85714285714286
632,NridgHt,8,1554,2,1554,2006,209500,2000,134.8133848133848
633,NWAmes,7,1411,2,1386,1977,82500,1970,58.46917080085046
634,NAmes,5,1056,1,1056,1954,139400,1950,132.00757575757575
635,OldTown,6,1056,2,1056,1980,144000,1980,136.36363636363637
636,SWISU,6,3395,0,1440,1914,200000,1910,58.910162002945505
637,BrkSide,2,800,0,264,1936,60000,1930,75.0
638,OldTown,5,1387,1,811,1954,93000,1950,67.05118961788031
639,Edwards,5,796,0,796,1910,85000,1910,106.78391959798995
640,Blmngtn,8,1567,3,1520,2006,264561,2000,168.832801531589
641,NridgHt,8,1518,2,1518,2003,274000,2000,180.5006587615283
642,Somerst,7,1929,2,1057,2001,226000,2000,117.15914981855884
643,NAmes,8,2704,2,1952,1972,345000,1970,127.58875739644971
644,NWAmes,5,1620,2,780,1969,152000,1960,93.82716049382717
645,Somerst,9,1766,3,1766,2009,370878,2000,210.0101925254813
646,NAmes,6,981,2,981,1971,143250,1970,146.0244648318043
647,NAmes,5,1048,2,0,1950,98300,1950,93.79770992366412
648,Edwards,6,1094,2,1094,1953,155000,1950,141.6819012797075
649,NAmes,6,1839,2,756,1966,155000,1960,84.28493746601414
650,MeadowV,4,630,0,630,1970,84500,1970,134.12698412698413
651,Somerst,7,1665,2,813,2007,205950,2000,123.69369369369369
652,Edwards,4,1510,1,755,1940,108000,1940,71.52317880794702
653,CollgCr,7,1716,2,880,1996,191000,1990,111.3053613053613
654,IDOTRR,6,1469,1,756,1906,135000,1900,91.8992511912866
655,NoRidge,8,2113,3,2109,1995,350000,1990,165.6412683388547
656,BrDale,6,1092,1,525,1971,88000,1970,80.58608058608058
657,NAmes,5,1053,1,1053,1959,145500,1950,138.17663817663816
658,Crawfor,7,1502,1,776,1931,149000,1930,99.20106524633822
659,NAmes,6,1458,1,912,1948,97500,1940,66.8724279835391
660,Edwards,5,1486,2,1486,1964,167000,1960,112.38223418573351
661,NWAmes,7,1935,2,793,1976,197900,1970,102.27390180878552
662,NoRidge,8,2448,3,1629,1994,402000,1990,164.2156862745098
663,NAmes,6,1392,2,1392,1968,110000,1960,79.02298850574712
664,Edwards,4,1181,2,1138,1972,137500,1970,116.42675698560542
665,Somerst,8,2097,3,2077,2005,423000,2000,201.7167381974249
666,Gilbert,8,1936,2,1406,2000,230500,2000,119.0599173553719
667,NAmes,6,2380,2,1021,1965,129000,1960,54.20168067226891
668,SawyerW,6,1679,2,1408,1994,193500,1990,115.2471709350804
669,Sawyer,5,1437,2,1188,1956,168000,1950,116.91022964509395
670,Crawfor,4,1180,1,700,1922,137500,1920,116.52542372881356
671,CollgCr,6,1476,2,738,2005,173500,2000,117.54742547425474
672,Edwards,6,1369,1,672,1925,103600,1920,75.67567567567568
673,Veenker,6,1208,2,1208,1977,165000,1970,136.58940397350995
674,Crawfor,6,1839,2,1477,1957,257500,1950,140.02175095160413
675,NAmes,6,1136,1,1136,1965,140000,1960,123.2394366197183
676,NPkVill,6,1441,2,855,1978,148500,1970,103.05343511450381
677,OldTown,4,1774,3,1095,1900,87000,1900,49.041713641488165
678,OldTown,5,792,1,768,1924,109500,1920,138.25757575757575
679,StoneBr,8,2046,3,2046,2008,372500,2000,182.06256109481916
680,Sawyer,5,988,2,988,1961,128500,1960,130.06072874493927
681,SawyerW,6,923,1,923,1980,143000,1980,154.92957746478874
682,SWISU,5,1520,1,793,1932,159434,1930,104.89078947368421
683,ClearCr,6,1291,2,1291,1996,173000,1990,134.00464756003097
684,CollgCr,9,1668,3,1626,2002,285000,2000,170.86330935251797
685,NoRidge,7,1839,2,1195,1998,221000,1990,120.17400761283307
686,StoneBr,7,2090,2,1190,1984,207500,1980,99.2822966507177
687,Somerst,7,1761,2,874,2007,227875,2000,129.40090857467348
688,Somerst,7,1102,2,551,2004,148800,2000,135.02722323049002
689,StoneBr,8,1419,2,1419,2007,392000,2000,276.2508809020437
690,NridgHt,6,1362,2,1362,2005,194700,2000,142.95154185022025
691,CollgCr,6,848,2,848,2004,141000,2000,166.27358490566039
692,NoRidge,10,4316,3,2444,1994,755000,1990,174.93049119555144
693,Timber,7,2519,2,1210,1989,335000,1980,132.9892814608972
694,OldTown,5,1073,1,1073,1921,108480,1920,101.09972041006523
695,BrkSide,5,1539,2,927,1936,141500,1930,91.94282001299545
696,Timber,6,1137,2,1112,1987,176000,1980,154.79331574318383
697,BrkSide,5,616,1,616,1921,89000,1920,144.4805194805195
698,Edwards,5,1148,1,980,1952,123500,1950,107.57839721254355
699,Sawyer,5,894,1,894,1965,138500,1960,154.92170022371366
700,Somerst,7,1391,2,1391,2004,196000,2000,140.9058231488138
701,Timber,8,1800,3,1800,2002,312500,2000,173.61111111111111
702,NWAmes,7,1164,2,1164,1969,140000,1960,120.27491408934708
703,StoneBr,8,2576,3,1234,2006,361919,2000,140.49650621118013
704,OldTown,5,1812,2,360,1900,140000,1900,77.2626931567329
705,CollgCr,7,1484,2,1473,2004,213000,2000,143.5309973045822
706,IDOTRR,4,1092,0,0,1930,55000,1930,50.366300366300365
707,ClearCr,7,1824,2,1643,1971,302000,1970,165.5701754385965
708,NridgHt,8,1324,2,1324,2006,254000,2000,191.8429003021148
709,Gilbert,7,1456,2,728,2007,179540,2000,123.31043956043956
710,Sawyer,5,904,1,876,1966,109900,1960,121.570796460177
711,BrkSide,3,729,0,270,1935,52000,1930,71.33058984910836
712,IDOTRR,4,1178,1,859,1900,102776,1900,87.24617996604414
713,StoneBr,8,1228,2,1228,1988,189000,1980,153.9087947882736
714,BrkSide,4,960,2,960,1970,129000,1970,134.375
715,Sawyer,6,1479,2,725,1976,130500,1970,88.23529411764706
716,NWAmes,6,1350,2,1064,1974,165000,1970,122.22222222222223
717,OldTown,7,2554,2,718,1890,159500,1890,62.45105716523101
718,NWAmes,5,1178,2,1176,1973,157000,1970,133.276740237691
719,NoRidge,7,2418,3,1311,1993,341000,1990,141.02564102564102
720,CollgCr,5,971,1,971,1969,128500,1960,132.33779608650875
721,StoneBr,8,1742,2,1742,1985,275000,1980,157.86452353616534
722,CollgCr,6,848,2,848,2004,143000,2000,168.6320754716981
723,NAmes,4,864,2,864,1970,124500,1970,144.09722222222223
724,Edwards,4,1470,1,941,1954,135000,1950,91.83673469387755
725,Edwards,9,1698,3,1698,2007,320000,2000,188.4570082449941
726,NAmes,4,864,2,864,1970,120500,1970,139.46759259259258
727,Crawfor,6,1680,2,880,1988,222000,1980,132.14285714285714
728,CollgCr,7,1232,2,1232,2007,194500,2000,157.87337662337663
729,NAmes,5,1776,3,1584,1958,110000,1950,61.93693693693694
730,IDOTRR,4,1208,2,780,1925,103000,1920,85.26490066225166
731,StoneBr,8,1616,2,1595,1995,236500,1990,146.3490099009901
732,Timber,7,1146,2,868,2003,187500,2000,163.61256544502618
733,CollgCr,7,2031,2,1153,1998,222500,1990,109.55194485475135
734,Sawyer,5,1144,1,864,1961,131400,1960,114.86013986013987
735,Sawyer,5,948,1,948,1968,108000,1960,113.92405063291139
736,OldTown,7,1768,2,880,1914,163000,1910,92.1945701357466
737,NAmes,3,1040,2,0,1950,93500,1950,89.90384615384616
738,Gilbert,8,1801,3,893,2005,239900,2000,133.20377568017767
739,Edwards,5,1200,0,1200,1987,179000,1980,149.16666666666666
740,CollgCr,7,1728,2,864,2004,190000,2000,109.95370370370371
741,OldTown,5,1432,2,264,1910,132000,1910,92.17877094972067
742,Sawyer,6,912,1,912,1961,142000,1960,155.7017543859649
743,SawyerW,7,1349,2,1349,2000,179000,2000,132.69088213491474
744,Sawyer,5,1464,2,520,1963,175000,1960,119.53551912568307
745,StoneBr,8,1337,2,1337,1993,180000,1990,134.62976813762154
746,NWAmes,8,2715,2,1142,1976,299800,1970,110.42357274401473
747,Gilbert,7,2256,2,952,2000,236000,2000,104.60992907801419
748,OldTown,7,2640,4,1240,1880,265979,1880,100.74962121212121
749,NoRidge,7,1720,2,1720,1996,260400,1990,151.3953488372093
750,Edwards,4,1529,1,0,1945,98000,1940,64.09417920209287
751,OldTown,4,1140,0,576,1910,96500,1910,84.64912280701755
752,Gilbert,7,1320,2,660,2003,162000,2000,122.72727272727273
753,CollgCr,6,1494,2,1479,1997,217000,1990,145.24765729585008
754,NridgHt,8,2098,3,1030,2005,275500,2000,131.3155386081983
755,NAmes,6,1026,2,1026,1969,156000,1960,152.046783625731
756,Somerst,6,1471,2,729,1999,172500,1990,117.26716519374575
757,CollgCr,8,1768,2,866,2007,212000,2000,119.90950226244344
758,Sawyer,6,1386,2,672,1978,158900,1970,114.64646464646465
759,Somerst,7,1501,2,744,1999,179400,1990,119.5203197868088
760,NoRidge,8,2531,3,1318,1995,290000,1990,114.57921770051364
761,NAmes,6,864,1,864,1959,127500,1950,147.56944444444446
762,BrkSide,5,1301,2,1145,1924,100000,1920,76.86395080707149
763,Somerst,7,1547,2,756,2009,215200,2000,139.10795087265674
764,NoRidge,8,2365,3,1252,1999,337000,1990,142.49471458773783
765,Veenker,8,1494,2,1494,1995,270000,1990,180.72289156626505
766,Somerst,9,1506,2,1498,2008,264132,2000,175.38645418326692
767,NWAmes,7,1714,2,980,1988,196500,1980,114.6441073512252
768,Mitchel,6,1750,1,983,1940,160000,1940,91.42857142857143
769,CollgCr,7,1836,2,1860,2004,216837,2000,118.1029411764706
770,StoneBr,8,3279,3,1650,2003,538000,2000,164.0744129307716
771,Sawyer,5,858,2,858,1982,134900,1980,157.22610722610722
772,Edwards,4,1220,2,836,1951,102000,1950,83.60655737704919
773,Edwards,6,1117,2,1029,1976,107000,1970,95.79230080572964
774,NAmes,5,912,1,912,1958,114500,1950,125.54824561403508
775,NridgHt,8,1973,3,1935,2006,395000,2000,200.20273694880893
776,Mitchel,6,1204,2,1204,1998,162000,1990,134.55149501661128
777,CollgCr,7,1614,3,1614,2005,221500,2000,137.23667905824038
778,Sawyer,5,894,2,864,1974,142500,1970,159.39597315436242
779,SawyerW,5,2020,2,0,1977,144000,1970,71.2871287128713
780,Mitchel,6,1004,2,975,1977,135000,1970,134.4621513944223
781,Gilbert,7,1253,2,1237,1995,176000,1990,140.46288906624102
782,SawyerW,6,1603,2,761,1992,175900,1990,109.73175296319401
783,CollgCr,7,1430,2,1413,2001,187100,2000,130.83916083916083
784,Mitchel,5,1110,2,1097,1978,165500,1970,149.0990990990991
785,OldTown,6,1484,0,742,1914,128000,1910,86.2533692722372
786,NWAmes,6,1342,2,1372,1967,161500,1960,120.34277198211625
787,OldTown,5,1652,1,686,1915,139000,1910,84.14043583535108
788,SawyerW,7,2084,2,956,2004,233000,2000,111.8042226487524
789,OldTown,4,901,1,901,1954,107900,1950,119.7558268590455
790,ClearCr,6,2087,2,832,1966,187500,1960,89.8418782942022
791,Blmngtn,7,1145,2,1145,2005,160200,2000,139.9126637554585
792,Mitchel,6,1062,2,1029,1976,146800,1970,138.2297551789077
793,NoRidge,7,2013,2,1117,1996,269790,1990,134.02384500745157
794,Somerst,8,1496,2,1496,2007,225000,2000,150.40106951871658
795,Gilbert,7,1895,2,712,1994,194500,1990,102.63852242744063
796,SawyerW,6,1564,2,650,1980,171000,1980,109.33503836317135
797,Sawyer,6,1285,2,660,1977,143500,1970,111.67315175097276
798,NAmes,5,773,1,773,1953,110000,1950,142.3027166882277
799,NridgHt,9,3140,3,1926,2008,485000,2000,154.45859872611464
800,SWISU,5,1768,1,731,1937,175000,1930,98.98190045248869
801,ClearCr,6,1688,2,616,1997,200000,1990,118.48341232227489
802,IDOTRR,4,1196,2,1196,1916,109900,1910,91.88963210702342
803,CollgCr,7,1456,2,728,2005,189000,2000,129.80769230769232
804,NridgHt,9,2822,3,1734,2008,582933,2000,206.5673281360737
805,NAmes,5,1128,1,936,1954,118000,1950,104.60992907801419
806,Somerst,7,1428,2,1417,2008,227680,2000,159.43977591036415
807,NAmes,5,980,1,980,1967,135500,1960,138.26530612244898
808,BrkSide,5,1576,2,1324,1923,223500,1920,141.81472081218274
809,NAmes,5,1086,2,1024,1966,159950,1960,147.28360957642727
810,OldTown,5,2138,2,849,1898,106000,1890,49.57904583723106
811,NWAmes,6,1309,2,1040,1974,181000,1970,138.27349121466767
812,CollgCr,6,848,2,848,2004,144500,2000,170.4009433962264
813,IDOTRR,5,1044,2,540,1952,55993,1950,53.633141762452105
814,NAmes,6,1442,1,1442,1958,157900,1950,109.500693481276
815,Edwards,5,1250,1,686,1918,116000,1910,92.8
816,CollgCr,7,1661,2,1649,1998,224900,1990,135.4003612281758
817,NAmes,5,1008,1,1008,1954,137000,1950,135.9126984126984
818,Mitchel,8,1689,3,1568,2002,271000,2000,160.44997039668442
819,ClearCr,6,1052,2,1010,1971,155000,1970,147.3384030418251
820,NridgHt,7,1358,2,1358,2009,224000,2000,164.94845360824743
821,CollgCr,7,1640,2,798,2003,183000,2000,111.58536585365853
822,OldTown,4,936,2,936,1953,93000,1950,99.35897435897436
823,Gilbert,7,1733,2,847,2003,225000,2000,129.8326601269475
824,SWISU,6,1489,1,778,1940,139500,1940,93.68703828072532
825,Somerst,8,1489,2,1489,2006,232600,2000,156.21222296843519
826,NridgHt,10,2084,3,2078,2007,385000,2000,184.74088291746642
827,BrkSide,5,784,0,784,1924,109500,1920,139.66836734693877
828,SawyerW,7,1434,2,1454,2001,189000,2000,131.79916317991632
829,ClearCr,5,2126,2,1013,1967,185000,1960,87.01787394167451
830,Somerst,7,1223,2,600,2005,147400,2000,120.5233033524121
831,NAmes,6,1392,2,1392,1957,166000,1950,119.25287356321839
832,Somerst,7,1200,2,600,2005,151000,2000,125.83333333333333
833,CollgCr,7,1829,2,941,2003,237000,2000,129.5790049207217
834,NAmes,6,1516,2,1516,1964,167000,1960,110.15831134564644
835,NAmes,5,1144,2,1144,1961,139950,1960,122.33391608391608
836,Sawyer,4,1067,2,1067,1950,128000,1950,119.96251171508904
837,OldTown,5,1559,2,1559,1948,153500,1940,98.46055163566389
838,BrDale,6,987,1,483,1973,100000,1970,101.31712259371834
839,CollgCr,5,1099,1,1099,1995,144000,1990,131.0282074613285
840,Edwards,5,1200,1,768,1946,130500,1940,108.75
841,SWISU,6,1482,1,672,1925,140000,1920,94.46693657219973
842,OldTown,5,1539,2,650,1904,157500,1900,102.3391812865497
843,NAmes,6,1165,2,1127,1966,174900,1960,150.12875536480686
844,NAmes,5,1800,0,1800,1961,141000,1960,78.33333333333333
845,OldTown,5,1416,3,876,1915,153900,1910,108.6864406779661
846,Sawyer,5,1701,2,1390,1975,171000,1970,100.52910052910053
847,SawyerW,7,1775,2,740,1993,213000,1990,120.0
848,CollgCr,5,864,1,864,1972,133500,1970,154.51388888888889
849,ClearCr,6,2358,2,907,1908,240000,1900,101.78117048346056
850,Veenker,6,1855,2,528,1976,187000,1970,100.80862533692722
851,CollgCr,6,848,2,848,2003,131500,2000,155.07075471698113
852,Blmngtn,8,1456,2,1273,2003,215000,2000,147.66483516483515
853,Crawfor,7,1646,1,918,1941,164000,1940,99.63547995139733
854,NAmes,6,1445,2,1127,1964,158000,1960,109.34256055363322
855,Sawyer,5,1779,2,1763,1955,170000,1950,95.5593029792018
856,Sawyer,5,1040,1,1040,1962,127000,1960,122.11538461538461
857,CollgCr,6,1026,2,940,1978,147000,1970,143.2748538011696
858,Gilbert,6,1481,2,702,1994,174000,1990,117.4881836596894
859,NWAmes,7,1370,2,1090,1976,152000,1970,110.94890510948905
860,NWAmes,6,2654,2,1054,1968,250000,1960,94.19743782969103
861,Crawfor,7,1426,1,912,1918,189950,1910,133.2047685834502
862,Sawyer,5,1039,2,1039,1965,131500,1960,126.56400384985562
863,SawyerW,6,1097,2,1040,1984,152000,1980,138.55970829535096
864,NAmes,5,1148,1,1148,1959,132500,1950,115.41811846689896
865,Somerst,7,1372,2,1372,2007,250580,2000,182.6384839650146
866,NAmes,5,1002,2,1002,1970,148500,1970,148.20359281437126
867,Timber,8,1646,3,1638,2006,248900,2000,151.2150668286756
868,Sawyer,4,1120,2,1040,1961,129000,1960,115.17857142857143
869,Gilbert,5,2320,2,0,1948,169000,1940,72.84482758620689
870,SawyerW,7,1949,2,1050,1993,236000,1990,121.0877373011801
871,NAmes,5,894,1,894,1962,109500,1960,122.48322147651007
872,CollgCr,6,1682,2,804,1998,200500,1990,119.20332936979786
873,NAmes,5,910,2,105,1953,116000,1950,127.47252747252747
874,NAmes,5,1268,1,832,1949,133000,1940,104.88958990536278
875,OldTown,5,1131,1,676,1941,66500,1940,58.797524314765695
876,Somerst,8,2610,2,1184,2007,303477,2000,116.27471264367816
877,Mitchel,4,1040,2,1064,1963,132250,1960,127.16346153846153
878,NridgHt,9,2224,3,1462,2004,350000,2000,157.37410071942446
879,Sawyer,5,1155,2,1109,1961,148000,1960,128.13852813852813
880,CollgCr,5,864,1,864,1978,136500,1970,157.98611111111111
881,Edwards,5,1090,2,1090,2005,157000,2000,144.03669724770643
882,Timber,7,1717,2,1156,1990,187500,1990,109.20209668025626
883,Gilbert,6,1593,2,808,1992,178000,1990,111.73885750156937
884,SWISU,4,2230,1,795,1912,118500,1910,53.139013452914796
885,NAmes,5,892,1,892,1967,100000,1960,112.10762331838565
886,Somerst,9,1709,2,1698,1999,328900,1990,192.45172615564658
887,NAmes,5,1712,2,1626,1959,145000,1950,84.69626168224299
888,Edwards,5,1393,1,816,1955,135500,1950,97.27207465900933
889,NAmes,8,2217,2,2217,1970,268000,1970,120.88407758231845
890,NAmes,6,1505,2,1505,1953,149500,1950,99.33554817275747
891,NAmes,5,924,2,672,1949,122900,1940,133.00865800865802
892,Sawyer,6,1683,2,918,1978,172500,1970,102.49554367201426
893,Sawyer,6,1068,1,1059,1963,154500,1960,144.6629213483146
894,Sawyer,5,1383,1,1383,1954,165000,1950,119.3058568329718
895,SawyerW,5,1535,2,0,1979,118858,1970,77.43192182410424
896,NAmes,6,1796,2,780,1963,140000,1960,77.95100222717149
897,IDOTRR,4,951,1,951,1936,106500,1930,111.98738170347004
898,SawyerW,5,2240,2,0,1979,142953,1970,63.81830357142857
899,NridgHt,9,2364,3,2330,2009,611657,2000,258.73815566835873
900,Sawyer,5,1236,1,912,1961,135000,1960,109.22330097087378
901,NAmes,4,858,1,858,1971,110000,1970,128.2051282051282
902,NAmes,5,1306,1,992,1957,153000,1950,117.15160796324655
903,Gilbert,7,1509,2,783,2003,180000,2000,119.28429423459245
904,Gilbert,7,1670,3,1670,2006,240000,2000,143.7125748502994
905,Sawyer,5,902,1,876,1967,125500,1960,139.13525498891352
906,NAmes,5,1063,1,1056,1954,128000,1950,120.41392285983066
907,Somerst,8,1636,3,1623,2006,255000,2000,155.8679706601467
908,Crawfor,7,2057,1,1017,1936,250000,1930,121.53621779290228
909,Mitchel,5,902,2,864,1983,131000,1980,145.23281596452327
910,Gilbert,6,1484,2,742,2005,174000,2000,117.25067385444744
911,NAmes,5,2274,2,1105,1960,154300,1960,67.85400175901495
912,CollgCr,5,1268,1,1268,1977,143500,1970,113.17034700315457
913,BrkSide,5,1015,1,768,1925,88000,1920,86.69950738916256
914,Crawfor,5,2002,3,1001,1949,145000,1940,72.42757242757243
915,Somerst,6,1224,2,612,2009,173733,2000,141.93872549019608
916,MeadowV,4,1092,1,546,1970,75000,1970,68.68131868131869
917,IDOTRR,2,480,1,480,1949,35311,1940,73.56458333333333
918,Edwards,4,1229,1,1134,1956,135000,1950,109.84540276647681
919,SawyerW,7,2127,3,1104,1991,238000,1990,111.89468735307945
920,NAmes,6,1414,2,1184,1958,176500,1950,124.82319660537482
921,SawyerW,6,1721,2,928,1994,201000,1990,116.79256246368391
922,Edwards,5,2200,0,1272,1900,145900,1900,66.31818181818181
923,Gilbert,6,1316,2,1316,2005,169990,2000,129.17173252279636
924,SawyerW,6,1617,2,1604,1993,193000,1990,119.35683364254793
925,NWAmes,6,1686,2,1686,1980,207500,1980,123.0723606168446
926,NWAmes,5,1126,2,1126,1977,175000,1970,155.41740674955594
927,NridgHt,8,2374,3,1181,2003,285000,2000,120.05054759898904
928,NWAmes,7,1978,2,832,1968,176000,1960,88.97876643073812
929,CollgCr,8,1788,2,1753,2001,236500,2000,132.27069351230426
930,Gilbert,7,2236,2,964,1997,222000,1990,99.28443649373882
931,Timber,8,1466,3,1466,2007,201000,2000,137.10777626193723
932,NAmes,5,925,1,925,1965,117500,1960,127.02702702702703
933,Somerst,9,1905,3,1905,2006,320000,2000,167.97900262467192
934,CollgCr,7,1500,2,1500,2004,190000,2000,126.66666666666667
935,NAmes,7,2069,2,585,1960,242000,1960,116.96471725471243
936,BrkSide,4,747,2,600,1926,79900,1920,106.9611780455154
937,SawyerW,7,1200,2,1176,2003,184900,2000,154.08333333333334
938,Somerst,7,1971,2,1113,2005,253000,2000,128.36123795027905
939,CollgCr,7,1962,3,1391,2006,239799,2000,122.2217125382263
940,ClearCr,7,2403,1,1032,1940,244400,1940,101.70620058260508
941,Mitchel,6,1728,2,1728,1976,150900,1970,87.32638888888889
942,Gilbert,7,2060,2,992,1999,214000,1990,103.88349514563107
943,Edwards,4,1440,0,1440,1977,150000,1970,104.16666666666667
944,Mitchel,5,1632,2,1632,1967,143000,1960,87.62254901960785
945,Timber,6,1344,2,819,1958,137500,1950,102.30654761904762
946,OldTown,5,1869,2,1088,1890,124900,1890,66.82718031032638
947,NAmes,5,1144,1,1144,1959,143000,1950,125.0
948,Timber,8,1629,3,1616,2002,270000,2000,165.74585635359117
949,CollgCr,7,1776,2,936,2002,192500,2000,108.38963963963964
950,NWAmes,6,1381,2,1161,1972,197500,1970,143.01230992034758
951,NAmes,5,864,2,864,1950,129000,1950,149.30555555555554
952,SawyerW,5,965,1,828,1965,119900,1960,124.24870466321244
953,CollgCr,5,768,1,768,1972,133900,1970,174.34895833333334
954,Mitchel,5,1968,2,784,1969,172000,1960,87.39837398373983
955,Edwards,6,980,0,945,1975,127500,1970,130.10204081632654
956,Crawfor,6,1958,2,979,1946,145000,1940,74.05515832482125
957,Blueste,6,1229,2,561,1980,124000,1980,100.89503661513426
958,Sawyer,5,1057,2,1057,1962,132000,1960,124.88174077578051
959,CollgCr,7,1337,2,1337,2003,185000,2000,138.36948391922215
960,Somerst,7,1416,2,696,1999,155000,1990,109.46327683615819
961,BrkSide,5,858,0,858,1958,116500,1950,135.78088578088577
962,NWAmes,6,2872,2,1330,1977,272000,1970,94.70752089136491
963,NPkVill,6,1548,2,804,1976,155000,1970,100.12919896640827
964,CollgCr,9,1800,2,1800,2007,239000,2000,132.77777777777777
965,Timber,7,1894,2,817,2002,214900,2000,113.4635691657867
966,Gilbert,6,1484,2,783,2005,178900,2000,120.55256064690028
967,Crawfor,5,1308,1,728,1940,160000,1940,122.32415902140673
968,NAmes,5,1098,1,1098,1955,135000,1950,122.95081967213115
969,OldTown,3,968,0,600,1910,37900,1910,39.15289256198347
970,NAmes,6,1095,1,588,1958,140000,1950,127.85388127853881
971,NAmes,4,1192,0,720,1949,135000,1940,113.25503355704699
972,NridgHt,7,1626,2,764,2003,173000,2000,106.39606396063961
973,SawyerW,6,918,1,918,1979,99500,1970,108.38779956427015
974,Somerst,7,1428,2,1428,2007,182000,2000,127.45098039215686
975,BrkSide,7,2019,2,728,1910,167500,1910,82.96186230807331
976,Somerst,7,1382,2,673,2000,165000,2000,119.39218523878436
977,BrkSide,4,869,0,440,1923,85500,1920,98.38895281933257
978,Somerst,7,1241,2,1241,2006,199900,2000,161.07977437550363
979,Edwards,4,894,2,894,1954,110000,1950,123.04250559284117
980,Sawyer,5,1121,2,1121,1963,139000,1960,123.9964317573595
981,NAmes,7,999,2,944,1961,178400,1960,178.57857857857857
982,NoRidge,8,2612,3,1225,1998,336000,1990,128.63705972434917
983,Blmngtn,7,1266,2,1266,2007,159895,2000,126.29936808846762
984,CollgCr,8,2290,2,1128,2002,255900,2000,111.7467248908297
985,Mitchel,5,1734,2,0,1977,126000,1970,72.66435986159169
986,Edwards,5,1164,1,1164,1950,125000,1950,107.38831615120274
987,OldTown,6,1635,1,485,1910,117000,1910,71.55963302752293
988,NridgHt,9,1940,3,1930,2009,395192,2000,203.70721649484537
989,NWAmes,6,2030,2,848,1976,195000,1970,96.05911330049261
990,Somerst,7,1576,2,770,2006,197000,2000,125.0
991,NoRidge,8,2392,3,1396,1997,348000,1990,145.48494983277592
992,OldTown,8,1742,2,916,1882,168000,1880,96.44087256027555
993,NAmes,6,1851,2,822,1964,187000,1960,101.02647217720151
994,CollgCr,6,1500,2,750,2005,173900,2000,115.93333333333334
995,NridgHt,10,1718,3,1700,2006,337500,2000,196.44935972060534
996,BrkSide,4,1230,1,747,1946,121600,1940,98.86178861788618
997,NAmes,5,1050,1,1050,1961,136500,1960,130.0
998,NWAmes,6,1442,2,1442,1970,185000,1970,128.29403606102636
999,IDOTRR,3,1077,1,1007,1922,91000,1920,84.49396471680595
1000,CollgCr,7,1208,2,1187,2006,206000,2000,170.52980132450332
1001,Edwards,3,944,2,0,1952,82000,1950,86.86440677966101
1002,OldTown,5,691,1,691,1920,86000,1920,124.45730824891461
1003,Somerst,8,1574,3,1574,2006,232000,2000,147.39517153748412
1004,NWAmes,5,1680,2,1680,1976,136905,1970,81.49107142857143
1005,Blmngtn,7,1504,2,1346,2005,181000,2000,120.34574468085107
1006,CollgCr,5,985,1,985,1977,149900,1970,152.18274111675126
1007,NAmes,6,1657,2,1657,1970,163500,1970,98.67229933614966
1008,MeadowV,4,1092,1,546,1970,88000,1970,80.58608058608058
1009,Mitchel,7,1710,2,1710,2004,240000,2000,140.35087719298247
1010,SWISU,5,1522,0,1008,1926,102000,1920,67.01708278580814
1011,Sawyer,5,1271,1,720,1948,135000,1940,106.21557828481511
1012,Edwards,5,1664,0,0,1965,100000,1960,60.09615384615385
1013,Crawfor,6,1502,1,602,1923,165000,1920,109.85352862849534
1014,OldTown,5,1022,1,1022,1910,85000,1910,83.17025440313111
1015,NAmes,6,1082,1,1082,1948,119200,1940,110.16635859519408
1016,NWAmes,8,1665,2,810,2001,227000,2000,136.33633633633633
1017,CollgCr,7,1504,2,1504,1996,203000,1990,134.97340425531914
1018,StoneBr,8,1360,2,1220,1984,187500,1980,137.86764705882354
1019,Gilbert,7,1472,2,384,1991,160000,1990,108.69565217391305
1020,Blmngtn,7,1506,2,1362,2005,213490,2000,141.75962815405046
1021,Edwards,4,1132,2,1132,2005,176000,2000,155.47703180212014
1022,CollgCr,7,1220,2,1199,2006,194000,2000,159.01639344262296
1023,OldTown,5,1248,1,912,1930,87000,1930,69.71153846153847
1024,Blmngtn,7,1504,2,1346,2005,191000,2000,126.99468085106383
1025,Timber,8,2898,2,1565,1976,287000,1970,99.03381642512078
1026,CollgCr,5,882,2,882,1972,112500,1970,127.55102040816327
1027,NAmes,5,1264,2,1268,1960,167500,1960,132.51582278481013
1028,Timber,8,1646,3,1638,2007,293077,2000,178.05407047387607
1029,NAmes,5,1376,1,768,1941,105000,1940,76.30813953488372
1030,BrDale,6,1218,1,672,1972,118000,1970,96.88013136288998
1031,SWISU,5,1928,0,686,1916,160000,1910,82.98755186721992
1032,SWISU,7,3082,2,824,1920,197000,1920,63.91953277092797
1033,NoRidge,8,2520,3,1338,1993,310000,1990,123.01587301587301
1034,CollgCr,7,1654,3,1654,2002,230000,2000,139.05683192261185
1035,Crawfor,5,954,1,920,1938,119750,1930,125.52410901467505
1036,Edwards,4,845,1,0,1957,84000,1950,99.40828402366864
1037,Timber,9,1620,3,1620,2007,315500,2000,194.7530864197531
1038,CollgCr,8,2263,2,1055,2001,287000,2000,126.82280159080867
1039,MeadowV,4,1344,0,546,1970,97000,1970,72.17261904761905
1040,MeadowV,4,630,1,630,1970,80000,1970,126.98412698412699
1041,Sawyer,5,1803,2,1134,1957,155000,1950,85.96783139212424
1042,NWAmes,6,1632,2,800,1966,173000,1960,106.00490196078431
1043,NridgHt,6,1306,2,1306,2005,196000,2000,150.07656967840734
1044,SawyerW,7,2329,2,1475,1990,262280,1990,112.61485616144267
1045,NWAmes,8,2524,2,2524,1981,278000,1980,110.14263074484944
1046,Edwards,3,1733,2,0,1955,139600,1950,80.55395268320831
1047,StoneBr,9,2868,3,1992,2005,556581,2000,194.06589958158995
1048,CollgCr,5,990,2,990,1994,145000,1990,146.46464646464648
1049,Mitchel,5,1771,2,0,1960,115000,1960,64.93506493506493
1050,Edwards,4,930,1,0,1946,84900,1940,91.29032258064517
1051,Gilbert,7,1302,2,1302,2007,176485,2000,135.54915514592935
1052,CollgCr,7,1316,2,1316,2007,200141,2000,152.08282674772036
1053,NAmes,6,1977,2,816,1964,165000,1960,83.4597875569044
1054,Edwards,5,1526,1,1216,1957,144500,1950,94.69200524246396
1055,CollgCr,8,1989,2,1065,2002,255000,2000,128.2051282051282
1056,NWAmes,6,1523,2,1193,1976,180000,1970,118.18778726198293
1057,NridgHt,7,1364,2,1364,2005,185850,2000,136.25366568914956
1058,NoRidge,7,1850,2,973,1994,248000,1990,134.05405405405406
1059,NridgHt,9,2184,3,1104,2008,335000,2000,153.3882783882784
1060,Crawfor,6,1991,2,854,1932,220000,1930,110.49723756906077
1061,StoneBr,8,1338,2,1338,2001,213500,2000,159.56651718983557
1062,IDOTRR,3,894,3,894,1935,81000,1930,90.60402684563758
1063,OldTown,5,2337,2,662,1900,90000,1900,38.510911424903725
1064,OldTown,6,1103,2,1103,1925,110500,1920,100.18132366273798
1065,NAmes,5,1154,2,1154,1966,154000,1960,133.44887348353552
1066,ClearCr,7,2260,2,1306,1996,328000,1990,145.13274336283186
1067,Gilbert,6,1571,2,799,1993,178000,1990,113.30362826225334
1068,NAmes,6,1611,2,780,1964,167900,1960,104.2209807572936
1069,MeadowV,6,2521,2,942,1973,151400,1970,60.05553351844506
1070,NAmes,5,893,2,845,1949,135000,1940,151.17581187010077
1071,NAmes,5,1048,1,1048,1956,135000,1950,128.81679389312978
1072,NWAmes,6,1556,2,727,1968,154000,1960,98.97172236503856
1073,Edwards,5,1456,1,810,1948,91500,1940,62.84340659340659
1074,Edwards,6,1426,2,690,1977,159500,1970,111.85133239831697
1075,CollgCr,7,1240,3,1240,2006,194000,2000,156.4516129032258
1076,Crawfor,7,1740,1,800,1940,219500,1940,126.14942528735632
1077,OldTown,5,1466,2,796,1936,170000,1930,115.96180081855388
1078,NAmes,5,1096,1,1096,1969,138800,1960,126.64233576642336
1079,CollgCr,6,848,2,848,2004,155900,2000,183.8443396226415
1080,CollgCr,5,990,1,990,1994,126000,1990,127.27272727272727
1081,NWAmes,6,1258,2,1258,1971,145000,1970,115.26232114467409
1082,Sawyer,5,1040,1,1040,1963,133000,1960,127.88461538461539
1083,CollgCr,7,1459,2,1459,2002,192000,2000,131.59698423577794
1084,NAmes,6,1251,1,1251,1964,160000,1960,127.89768185451639
1085,Gilbert,6,1498,2,691,1995,187500,1990,125.16688918558077
1086,SawyerW,6,996,2,936,1992,147000,1990,147.59036144578315
1087,MeadowV,4,1092,1,546,1973,83500,1970,76.46520146520146
1088,Somerst,8,1953,3,1082,2005,252000,2000,129.03225806451613
1089,Edwards,7,1709,2,970,2004,137500,2000,80.45640725570509
1090,Somerst,8,1247,2,1247,2005,197000,2000,157.97914995990376
1091,NAmes,3,1040,2,0,1950,92900,1950,89.32692307692308
1092,Somerst,7,1252,2,600,1999,160000,1990,127.79552715654953
1093,SWISU,6,1694,2,1181,1925,136500,1920,80.57851239669421
1094,NAmes,5,1200,2,864,1965,146000,1960,121.66666666666667
1095,NAmes,5,936,1,936,1956,129000,1950,137.82051282051282
1096,CollgCr,6,1314,2,1314,2006,176432,2000,134.2709284627093
1097,IDOTRR,6,1355,0,684,1914,127000,1910,93.7269372693727
1098,StoneBr,8,1088,2,1074,1986,170000,1980,156.25
1099,BrkSide,4,1324,1,672,1936,128000,1930,96.67673716012085
1100,NWAmes,7,1601,2,1271,1978,157000,1970,98.06371018113678
1101,SWISU,2,438,1,290,1920,60000,1920,136.986301369863
1102,NAmes,5,950,1,950,1971,119500,1970,125.78947368421052
1103,NAmes,5,1134,1,1010,1960,135000,1960,119.04761904761905
1104,NAmes,6,1194,2,655,1959,159500,1950,133.58458961474037
1105,BrDale,5,1302,2,630,1970,106000,1970,81.41321044546851
1106,NoRidge,8,2622,2,1463,1994,325000,1990,123.95118230358504
1107,SawyerW,7,1442,2,910,1990,179900,1990,124.75728155339806
1108,Gilbert,7,2021,2,868,2006,274725,2000,135.93518060366156
1109,Gilbert,6,1690,2,924,2000,181000,2000,107.10059171597634
1110,NridgHt,8,1836,3,1836,2004,280000,2000,152.5054466230937
1111,Gilbert,6,1658,2,773,1995,188000,1990,113.38962605548853
1112,NWAmes,7,1964,2,803,1976,205000,1970,104.37881873727088
1113,NAmes,5,816,1,816,1957,129900,1950,159.19117647058823
1114,NAmes,5,1008,1,1008,1953,134500,1950,133.43253968253967
1115,OldTown,5,833,1,833,1954,117000,1950,140.45618247298918
1116,NridgHt,8,1734,3,1734,2007,318000,2000,183.3910034602076
1117,Gilbert,8,1419,2,408,2002,184100,2000,129.73925299506695
1118,Sawyer,5,894,2,894,1967,130000,1960,145.413870246085
1119,Sawyer,5,1601,1,533,1958,140000,1950,87.44534665833854
1120,NAmes,5,1040,1,1040,1959,133700,1950,128.55769230769232
1121,IDOTRR,6,1012,1,1012,1920,118400,1920,116.99604743083005
1122,CollgCr,7,1552,3,1552,2005,212900,2000,137.1778350515464
1123,Edwards,4,960,1,672,1956,112000,1950,116.66666666666667
1124,Edwards,5,698,0,698,1947,118000,1940,169.054441260745
1125,Gilbert,7,1482,2,384,1992,163900,1990,110.59379217273954
1126,NAmes,4,1005,2,1005,1955,115000,1950,114.42786069651741
1127,Blmngtn,7,1555,3,1373,2007,174000,2000,111.89710610932475
1128,Gilbert,7,1530,3,1530,2004,259000,2000,169.281045751634
1129,Gilbert,7,1959,2,847,2004,215000,2000,109.74987238386932
1130,OldTown,5,936,2,936,1980,140000,1980,149.57264957264957
1131,SWISU,4,1981,2,1122,1928,135000,1920,68.14740030287733
1132,Mitchel,5,974,0,974,1991,93500,1990,95.99589322381931
1133,OldTown,6,2210,1,1008,1880,117500,1880,53.16742081447964
1134,SawyerW,8,2020,2,1128,1995,239500,1990,118.56435643564356
1135,Gilbert,6,1600,2,916,1997,169000,1990,105.625
1136,BrkSide,6,986,1,960,1926,102000,1920,103.44827586206897
1137,NAmes,6,1252,1,1032,1950,119000,1950,95.0479233226837
1138,Sawyer,5,1020,0,780,1875,94000,1870,92.15686274509804
1139,Mitchel,6,1567,2,1567,1977,196000,1970,125.07977026164646
1140,BrkSide,5,1167,2,915,1920,144000,1920,123.39331619537275
1141,NAmes,5,952,2,952,1951,139000,1950,146.00840336134453
1142,NWAmes,5,1868,2,780,1976,197500,1970,105.72805139186295
1143,CollgCr,8,2828,3,1466,2006,424870,2000,150.23691654879772
1144,Sawyer,5,1006,0,1006,1959,80000,1950,79.52286282306163
1145,Edwards,4,924,1,672,1941,80000,1940,86.58008658008659
1146,BrkSide,5,1576,1,1042,1928,149000,1920,94.54314720812182
1147,SawyerW,6,1298,2,1298,1985,180000,1980,138.6748844375963
1148,Crawfor,7,1564,1,704,1941,174500,1940,111.57289002557545
1149,OldTown,7,1111,1,572,1926,116900,1920,105.22052205220523
1150,OldTown,7,1482,2,650,1920,143000,1920,96.49122807017544
1151,NAmes,6,932,1,932,1950,124000,1950,133.04721030042919
1152,Edwards,5,1466,2,1466,1959,149900,1950,102.25102319236017
1153,Crawfor,6,1811,2,1073,1956,230000,1950,127.00165654334621
1154,IDOTRR,6,816,1,816,1930,120500,1930,147.67156862745097
1155,NAmes,7,1820,2,864,1965,201800,1960,110.87912087912088
1156,Veenker,5,1437,2,1437,1976,218000,1970,151.70494084899096
1157,NAmes,5,1265,2,1219,1965,179900,1960,142.21343873517787
1158,NridgHt,7,1314,2,1314,2007,230000,2000,175.0380517503805
1159,Somerst,8,1580,3,1580,2007,235128,2000,148.81518987341772
1160,NWAmes,6,1876,2,901,1974,185000,1970,98.61407249466951
1161,NPkVill,6,1456,2,855,1978,146000,1970,100.27472527472527
1162,Crawfor,6,1640,2,1296,1954,224000,1950,136.58536585365854
1163,Sawyer,5,894,2,894,1968,129000,1960,144.29530201342283
1164,Sawyer,4,1258,2,1198,1969,108959,1960,86.61287758346582
1165,Veenker,5,1432,2,1360,1978,194000,1970,135.47486033519553
1166,NridgHt,7,1502,2,1502,2009,233170,2000,155.23968042609854
1167,CollgCr,8,1694,3,1694,2008,245350,2000,144.83471074380165
1168,Gilbert,6,1671,2,959,2000,173000,2000,103.5308198683423
1169,Edwards,6,2108,2,1127,1935,235000,1930,111.48007590132828
1170,NoRidge,10,3627,3,1930,1995,625000,1990,172.31872070581747
1171,Mitchel,6,1118,1,1096,1977,171000,1970,152.95169946332737
1172,NAmes,6,1261,2,1261,1958,163000,1950,129.26249008723235
1173,Somerst,7,1250,2,625,2006,171900,2000,137.52
1174,ClearCr,5,3086,0,1598,1946,200500,1940,64.97083603370058
1175,Crawfor,6,2345,2,952,1932,239000,1930,101.91897654584221
1176,NoRidge,8,2872,2,1683,1992,285000,1990,99.23398328690807
1177,Mitchel,5,923,1,876,1984,119500,1980,129.4691224268689
1178,OldTown,6,1224,1,818,1926,115000,1920,93.95424836601308
1179,Crawfor,5,1343,1,731,1921,154900,1920,115.33879374534624
1180,Edwards,5,1124,0,0,1954,93000,1950,82.74021352313167
1181,Timber,7,2514,2,1216,1990,250000,1990,99.44311853619729
1182,Crawfor,8,1652,2,1600,2008,392500,2000,237.590799031477
1183,NoRidge,10,4476,3,2396,1996,745000,1990,166.4432529043789
1184,OldTown,5,1130,2,1120,1920,120000,1920,106.19469026548673
1185,Timber,5,1572,3,1572,1963,186700,1960,118.76590330788804
1186,Edwards,5,1221,1,784,1924,104900,1920,85.91318591318591
1187,OldTown,3,1699,2,978,1900,95000,1900,55.915244261330194
1188,NoRidge,8,1624,3,1624,1994,262000,1990,161.33004926108376
1189,CollgCr,7,1660,2,831,2002,195000,2000,117.46987951807229
1190,Gilbert,7,1804,2,994,1999,189000,1990,104.76718403547672
1191,Mitchel,4,1622,4,1249,1961,168000,1960,103.57583230579532
1192,Somerst,8,1441,2,776,1999,174000,1990,120.74947952810548
1193,OldTown,5,1472,1,702,1925,125000,1920,84.91847826086956
1194,Mitchel,6,1224,2,1224,1999,165000,1990,134.80392156862746
1195,Sawyer,6,1352,1,663,1969,158000,1960,116.86390532544378
1196,Gilbert,6,1456,2,728,2005,176000,2000,120.87912087912088
1197,Gilbert,7,1863,3,879,2006,219210,2000,117.66505636070853
1198,OldTown,7,1690,1,815,1916,144000,1910,85.20710059171597
1199,CollgCr,7,1212,2,1212,2001,178000,2000,146.86468646864685
1200,Sawyer,4,1382,2,1051,1963,148000,1960,107.09117221418235
1201,NAmes,4,864,1,864,1970,116050,1970,134.31712962962962
1202,CollgCr,7,1779,2,866,1998,197900,1990,111.24227093872962
1203,BrkSide,5,1348,1,884,1925,117000,1920,86.79525222551929
1204,CollgCr,7,1630,2,1630,2000,213000,2000,130.67484662576686
1205,NWAmes,5,1074,2,1056,1975,153500,1970,142.92364990689012
1206,SawyerW,7,2196,3,2158,1990,271900,1990,123.81602914389799
1207,SawyerW,4,1056,1,1056,1966,107000,1960,101.32575757575758
1208,CollgCr,6,1700,2,1682,2003,200000,2000,117.6470588235294
1209,NAmes,5,1283,2,931,1962,140000,1960,109.11925175370226
1210,Somerst,8,1660,2,1660,2006,290000,2000,174.6987951807229
1211,SawyerW,6,1845,2,1055,1992,189000,1990,102.4390243902439
1212,Gilbert,8,1752,2,559,1988,164000,1980,93.60730593607306
1213,Edwards,4,672,1,672,1941,113000,1940,168.1547619047619
1214,Sawyer,4,960,1,648,1965,145000,1960,151.04166666666666
1215,NAmes,5,999,1,925,1962,134500,1960,134.63463463463464
1216,Sawyer,5,894,1,894,1966,125000,1960,139.82102908277406
1217,Sawyer,6,1902,2,0,1978,112000,1970,58.88538380651946
1218,Somerst,8,1314,2,1300,2009,229456,2000,174.6240487062405
1219,BrkSide,4,912,0,0,1947,80500,1940,88.26754385964912
1220,BrDale,6,1218,0,672,1971,91500,1970,75.1231527093596
1221,NAmes,5,912,1,912,1964,115000,1960,126.09649122807018
1222,Sawyer,5,1211,1,952,1968,134000,1960,110.6523534269199
1223,NAmes,6,1846,1,1040,1949,143000,1940,77.46478873239437
1224,NAmes,5,2136,2,2136,1951,137900,1950,64.55992509363296
1225,Gilbert,7,1490,2,788,2004,184000,2000,123.48993288590604
1226,NAmes,6,1138,1,588,1958,145000,1950,127.41652021089631
1227,Somerst,6,1933,3,894,2007,214000,2000,110.7087428867046
1228,NAmes,5,912,2,912,1965,147000,1960,161.18421052631578
1229,NridgHt,9,1702,3,1702,2008,367294,2000,215.80141010575792
1230,NAmes,5,1507,1,1075,1960,127000,1960,84.2733908427339
1231,Sawyer,5,2620,2,1361,1977,190000,1970,72.51908396946565
1232,NAmes,5,1190,2,1106,1962,132500,1960,111.34453781512605
1233,NAmes,4,1224,2,0,1962,101800,1960,83.16993464052288
1234,NAmes,5,1188,2,1188,1959,142000,1950,119.52861952861953
1235,SWISU,5,1964,0,940,1911,130000,1910,66.19144602851324
1236,Crawfor,5,1784,1,747,1914,138887,1910,77.85145739910314
1237,NridgHt,7,1626,2,764,2003,175500,2000,107.93357933579335
1238,CollgCr,7,1948,2,847,2004,195000,2000,100.10266940451746
1239,SawyerW,6,1141,2,1141,2005,142500,2000,124.89044697633655
1240,Timber,8,1484,2,1476,2006,265900,2000,179.177897574124
1241,CollgCr,7,1768,2,884,2003,224900,2000,127.20588235294117
1242,Somerst,7,1689,3,1689,2007,248328,2000,147.02664298401422
1243,NWAmes,7,1173,2,1053,1974,170000,1970,144.92753623188406
1244,NridgHt,10,2076,3,2076,2006,465000,2000,223.98843930635837
1245,Crawfor,8,1517,2,792,1929,230000,1920,151.61502966381016
1246,NWAmes,6,1868,2,585,1984,178000,1980,95.28907922912205
1247,Somerst,7,1553,2,756,2005,186500,2000,120.09014810045075
1248,Mitchel,6,1034,3,1012,1976,169900,1970,164.31334622823985
1249,OldTown,6,2058,2,735,1917,129500,1910,62.925170068027214
1250,NAmes,5,988,1,876,1950,119000,1950,120.44534412955466
1251,NAmes,7,2110,2,2110,1968,244000,1960,115.63981042654028
1252,NridgHt,7,1405,2,1405,2003,171750,2000,122.24199288256227
1253,Mitchel,5,874,1,864,1968,130000,1960,148.74141876430207
1254,Veenker,7,2167,2,1192,1974,294000,1970,135.67143516382095
1255,Edwards,7,1656,2,746,2003,165400,2000,99.8792270531401
1256,BrkSide,6,1367,1,884,1931,127500,1930,93.26993416239941
1257,NoRidge,8,1987,2,1986,1994,301500,1990,151.7362858580775
1258,Edwards,5,864,0,864,1922,99900,1920,115.625
1259,Gilbert,7,1166,2,856,2005,190000,2000,162.95025728987994
1260,NAmes,6,1054,2,1054,1969,151000,1960,143.2637571157495
1261,Gilbert,6,1675,2,841,1999,181000,1990,108.05970149253731
1262,NAmes,5,1050,1,1050,1956,128900,1950,122.76190476190476
1263,ClearCr,4,1788,1,1104,1957,161500,1950,90.32438478747204
1264,BrkSide,6,1824,2,764,1919,180500,1910,98.95833333333333
1265,NAmes,6,1337,2,1405,1998,181000,1990,135.37771129394167
1266,Somerst,7,1452,2,691,1999,183900,1990,126.65289256198348
1267,OldTown,7,1889,1,925,1910,122000,1910,64.58443620963473
1268,Timber,9,2018,3,2002,2008,378500,2000,187.5619425173439
1269,Crawfor,8,3447,3,728,1935,381000,1930,110.53089643167972
1270,NAmes,5,1524,1,874,1958,144000,1950,94.48818897637796
1271,ClearCr,7,1524,2,1332,1979,260000,1970,170.60367454068242
1272,NWAmes,6,1489,2,1489,1968,185750,1960,124.74815312290127
1273,Sawyer,5,935,1,935,1965,137000,1960,146.524064171123
1274,Edwards,6,1357,1,1019,1959,177000,1950,130.43478260869566
1275,Crawfor,5,1250,2,661,1910,139000,1910,111.2
1276,NAmes,5,1920,2,928,1948,137000,1940,71.35416666666667
1277,NWAmes,6,1395,2,723,1972,162000,1970,116.12903225806451
1278,NWAmes,6,1724,2,1680,1967,197900,1960,114.79118329466357
1279,CollgCr,8,2031,2,1128,2002,237000,2000,116.69128508124076
1280,IDOTRR,4,1128,2,698,1920,68400,1920,60.638297872340424
1281,CollgCr,7,1573,2,1573,2002,227000,2000,144.31023521932613
1282,Timber,7,1339,2,1309,1990,180000,1990,134.42867811799852
1283,CollgCr,5,1040,2,1040,1977,150500,1970,144.71153846153845
1284,Mitchel,6,1824,0,912,1971,139000,1970,76.20614035087719
1285,SWISU,6,2447,1,804,1919,169000,1910,69.06416019615857
1286,BrkSide,6,1412,1,780,1939,132500,1930,93.83852691218131
1287,NWAmes,6,1328,2,1328,1963,143000,1960,107.68072289156626
1288,ClearCr,5,1582,2,1624,1964,190000,1960,120.10113780025284
1289,StoneBr,8,1659,2,1501,2000,278000,2000,167.5708257986739
1290,NridgHt,8,1970,3,1085,2006,281000,2000,142.63959390862945
1291,NAmes,5,1152,2,1152,1964,180500,1960,156.68402777777777
1292,BrDale,5,1302,1,630,1972,119500,1970,91.78187403993856
1293,OldTown,5,2372,1,994,1892,107500,1890,45.320404721753796
1294,NWAmes,7,1664,2,832,1976,162900,1970,97.89663461538461
1295,Edwards,5,864,2,864,1955,115000,1950,133.10185185185185
1296,NAmes,5,1052,1,1052,1968,138500,1960,131.65399239543726
1297,NAmes,5,1128,2,1120,1963,155000,1960,137.4113475177305
1298,Edwards,6,1072,2,547,2005,140000,2000,130.59701492537314
1299,Edwards,10,5642,2,6110,2008,160000,2000,28.35873803615739
1300,NAmes,5,1246,1,1246,1959,154000,1950,123.59550561797752
1301,Gilbert,7,1983,2,978,1999,225000,1990,113.464447806354
1302,Crawfor,6,1494,1,771,1942,177500,1940,118.80856760374833
1303,NoRidge,8,2526,3,1165,1994,290000,1990,114.80601741884402
1304,Somerst,7,1616,3,1616,2005,232000,2000,143.56435643564356
1305,Edwards,7,1708,2,976,2004,130000,2000,76.11241217798595
1306,NridgHt,9,1652,2,1652,2006,325000,2000,196.7312348668281
1307,NridgHt,7,1368,2,1368,2005,202500,2000,148.02631578947367
1308,CollgCr,5,990,2,990,1994,138000,1990,139.3939393939394
1309,OldTown,5,1122,2,924,1948,147000,1940,131.01604278074868
1310,SawyerW,6,1294,2,1278,1991,179200,1990,138.48531684698608
1311,Crawfor,7,1902,2,1902,1959,335000,1950,176.130389064143
1312,CollgCr,7,1274,2,1274,2005,203000,2000,159.34065934065933
1313,NoRidge,8,2810,2,1453,1990,302000,1990,107.47330960854093
1314,NoRidge,9,2599,3,1393,1999,333168,1990,128.19084263178146
1315,Edwards,4,948,1,948,1954,119000,1950,125.52742616033755
1316,NAmes,6,2112,2,952,1969,206900,1960,97.96401515151516
1317,CollgCr,8,1630,3,1622,2008,295493,2000,181.2840490797546
1318,Somerst,7,1352,2,1352,2006,208900,2000,154.51183431952663
1319,CollgCr,8,1787,3,1753,2001,275000,2000,153.88919977616118
1320,Edwards,4,948,1,864,1954,111000,1950,117.0886075949367
1321,NAmes,6,1478,2,1478,1957,156500,1950,105.88633288227334
1322,BrkSide,3,720,1,0,1949,72500,1940,100.69444444444444
1323,NoRidge,7,1923,2,750,1992,190000,1990,98.80395215808632
1324,BrkSide,4,708,0,420,1940,82500,1940,116.52542372881356
1325,Somerst,8,1795,3,1795,2006,147000,2000,81.8941504178273
1326,IDOTRR,4,796,0,796,1922,55000,1920,69.09547738693468
1327,Edwards,3,774,0,544,1931,79000,1930,102.0671834625323
1328,Mitchel,5,816,1,816,1982,130500,1980,159.9264705882353
1329,OldTown,6,2792,2,1510,1920,256000,1920,91.69054441260745
1330,Gilbert,7,1632,2,935,1998,176500,1990,108.14950980392157
1331,Somerst,8,1588,3,1588,2006,227000,2000,142.9471032745592
1332,CollgCr,5,954,2,911,1976,132500,1970,138.88888888888889
1333,Edwards,4,816,1,816,1938,100000,1930,122.54901960784314
1334,IDOTRR,5,1360,1,803,1938,125500,1930,92.27941176470588
1335,BrDale,5,1365,2,765,1970,125000,1970,91.57509157509158
1336,NWAmes,6,1334,2,1350,1977,167900,1970,125.86206896551724
1337,NWAmes,5,1656,2,1656,1973,135000,1970,81.52173913043478
1338,OldTown,4,693,0,693,1941,52500,1940,75.75757575757575
1339,CollgCr,7,1861,2,916,2002,200000,2000,107.46910263299301
1340,CollgCr,5,864,1,864,1972,128500,1970,148.72685185185185
1341,NAmes,4,872,4,858,1971,123000,1970,141.05504587155963
1342,SawyerW,6,1114,2,1114,2003,155000,2000,139.13824057450628
1343,CollgCr,8,2169,2,1284,2002,228500,2000,105.3480866758875
1344,Crawfor,6,1913,2,896,1928,177000,1920,92.52483010977522
1345,CollgCr,7,1456,2,728,2006,155835,2000,107.02953296703296
1346,OldTown,4,960,1,960,1920,108500,1920,113.02083333333333
1347,NWAmes,7,2156,2,1568,1968,262500,1960,121.75324675324676
1348,Timber,8,1776,3,1732,2006,283463,2000,159.60754504504504
1349,SawyerW,7,1494,2,1482,1998,215000,1990,143.90896921017404
1350,OldTown,8,2358,0,684,1872,122000,1870,51.73876166242579
1351,NAmes,5,2634,4,1248,1969,200000,1960,75.9301442672741
1352,NAmes,6,1716,2,858,1962,171000,1960,99.65034965034965
1353,BrkSide,6,1176,2,698,1937,134900,1930,114.71088435374149
1354,NoRidge,8,3238,3,2033,1995,410000,1990,126.6213712168005
1355,CollgCr,7,1865,3,992,2000,235000,2000,126.00536193029491
1356,NWAmes,7,1920,2,570,1968,170000,1960,88.54166666666667
1357,NAmes,5,892,1,864,1966,110000,1960,123.31838565022422
1358,NAmes,5,1078,2,1078,1971,149900,1970,139.05380333951763
1359,Somerst,6,1573,2,756,2000,177500,2000,112.84170375079466
1360,NridgHt,9,1980,3,1980,2004,315000,2000,159.0909090909091
1361,SWISU,5,2601,2,612,1921,189000,1920,72.66435986159169
1362,StoneBr,7,1530,2,1530,2005,260000,2000,169.9346405228758
1363,NAmes,4,1738,1,715,1920,104900,1920,60.35673187571922
1364,Gilbert,6,1412,2,616,2006,156932,2000,111.14164305949008
1365,Somerst,7,1200,2,600,2005,144152,2000,120.12666666666667
1366,Somerst,7,1674,2,814,2000,216000,2000,129.03225806451613
1367,CollgCr,7,1790,2,873,1999,193000,1990,107.82122905027933
1368,MeadowV,5,1475,1,757,1977,127000,1970,86.10169491525424
1369,CollgCr,6,848,2,848,2003,144000,2000,169.81132075471697
1370,CollgCr,8,1668,2,1657,2003,232000,2000,139.08872901678657
1371,OldTown,4,1374,1,840,1920,105000,1920,76.41921397379913
1372,NAmes,6,1661,1,992,1955,165500,1950,99.6387718242023
1373,CollgCr,7,2097,2,1108,1998,274300,1990,130.8059132093467
1374,NoRidge,10,2633,3,2633,2001,466500,2000,177.17432586403342
1375,Somerst,7,1958,3,1026,2005,250000,2000,127.68130745658836
1376,Timber,8,1571,3,1571,2007,239000,2000,152.1323997453851
1377,SWISU,6,790,1,768,1930,91000,1930,115.18987341772151
1378,Edwards,5,1604,2,984,1941,117000,1940,72.9426433915212
1379,BrDale,6,987,1,483,1973,83000,1970,84.09321175278622
1380,Timber,5,1394,2,384,2006,167500,2000,120.15781922525107
1381,Edwards,3,864,1,864,1914,58500,1910,67.70833333333333
1382,NAmes,6,2117,2,1205,1970,237500,1970,112.18705715635333
1383,OldTown,7,1762,2,596,1920,157000,1920,89.10329171396141
1384,Sawyer,5,1416,2,816,1918,112000,1910,79.09604519774011
1385,Edwards,6,1258,1,560,1939,105000,1930,83.46581875993641
1386,IDOTRR,4,1154,1,796,1922,125500,1920,108.7521663778163
1387,NWAmes,7,2784,2,1392,1978,250000,1970,89.79885057471265
1388,OldTown,6,2526,1,714,1916,136000,1910,53.84006334125099
1389,Gilbert,9,1746,3,1746,2006,377500,2000,216.20847651775486
1390,BrkSide,6,1218,2,735,1941,131000,1940,107.55336617405582
1391,CollgCr,7,1525,2,1525,2000,235000,2000,154.0983606557377
1392,NAmes,5,1584,3,1584,1967,124000,1960,78.28282828282828
1393,NAmes,5,900,1,864,1967,123000,1960,136.66666666666666
1394,OldTown,6,1912,2,482,1905,163000,1900,85.2510460251046
1395,Blmngtn,7,1500,3,1356,2006,246578,2000,164.38533333333334
1396,Timber,8,2482,3,1094,2005,281213,2000,113.30096696212732
1397,Timber,5,1687,2,747,1948,160000,1940,94.84291641967991
1398,BrkSide,5,1513,1,939,1920,137500,1920,90.87904824851289
1399,NAmes,5,1904,1,1208,1950,138000,1950,72.47899159663865
1400,SWISU,6,1608,1,976,1925,137450,1920,85.47885572139303
1401,BrkSide,6,1158,1,862,1929,120000,1920,103.62694300518135
1402,Gilbert,6,1593,2,839,2004,193000,2000,121.15505335844318
1403,CollgCr,7,1294,2,1286,2006,193879,2000,149.82921174652242
1404,Somerst,8,1464,3,1485,2007,282922,2000,193.25273224043715
1405,OldTown,3,1214,3,672,1915,105000,1910,86.49093904448105
1406,Crawfor,8,1646,2,1594,2004,275000,2000,167.07168894289185
1407,CollgCr,5,768,2,768,1972,133000,1970,173.17708333333334
1408,Mitchel,5,833,0,833,1985,112000,1980,134.45378151260505
1409,OldTown,4,1363,2,622,1910,125500,1910,92.07630227439472
1410,NWAmes,7,2093,2,791,1986,215000,1980,102.7233635929288
1411,CollgCr,7,1840,2,944,2001,230000,2000,125.0
1412,NAmes,6,1668,1,856,1950,140000,1950,83.93285371702638
1413,NAmes,4,1040,2,0,1949,90000,1940,86.53846153846153
1414,SawyerW,8,1844,2,1844,2005,257000,2000,139.3709327548807
1415,BrkSide,6,1848,2,833,1923,207000,1920,112.01298701298701
1416,Blmngtn,7,1569,3,1386,2007,175900,2000,112.10962396430848
1417,OldTown,4,2290,2,777,1885,122500,1880,53.493449781659386
1418,NoRidge,8,2450,3,1284,1998,340000,1990,138.77551020408163
1419,NAmes,5,1144,1,1144,1963,124000,1960,108.39160839160839
1420,Crawfor,6,1844,2,1844,1969,223000,1960,120.93275488069415
1421,NWAmes,6,1416,2,708,1968,179900,1960,127.04802259887006
1422,NPkVill,6,1069,2,1069,1977,127500,1970,119.27034611786716
1423,CollgCr,6,848,2,848,2003,136500,2000,160.96698113207546
1424,Edwards,6,2201,2,697,1966,274970,1960,124.92957746478874
1425,NAmes,5,1344,1,1024,1958,144000,1950,107.14285714285714
1426,NAmes,6,1252,2,1252,1959,142000,1950,113.4185303514377
1427,NoRidge,7,2127,2,1223,1994,271000,1990,127.40949694405266
1428,NAmes,5,1558,1,913,1945,140000,1940,89.85879332477535
1429,OldTown,5,804,1,788,1940,119000,1940,148.0099502487562
1430,NWAmes,6,1440,2,1440,1981,182900,1980,127.01388888888889
1431,Gilbert,5,1838,2,732,2005,192140,2000,104.53754080522307
1432,NPkVill,6,958,2,958,1976,143750,1970,150.05219206680584
1433,OldTown,4,968,1,656,1927,64500,1920,66.63223140495867
1434,Gilbert,6,1792,2,936,2000,186500,2000,104.07366071428571
1435,Mitchel,5,1126,2,1126,1977,160000,1970,142.09591474245116
1436,NAmes,6,1537,2,1319,1962,174000,1960,113.20754716981132
1437,NAmes,4,864,2,864,1971,120500,1970,139.46759259259258
1438,NridgHt,8,1932,3,1932,2008,394617,2000,204.25310559006212
1439,OldTown,6,1236,2,912,1957,149700,1950,121.11650485436893
1440,NWAmes,7,1725,2,539,1979,197000,1970,114.20289855072464
1441,Crawfor,6,2555,2,588,1922,191000,1920,74.75538160469668
1442,CollgCr,6,848,2,848,2004,149300,2000,176.06132075471697
1443,Somerst,10,2007,3,1017,2008,310000,2000,154.45939212755357
1444,BrkSide,6,952,1,952,1916,121000,1910,127.10084033613445
1445,CollgCr,7,1422,2,1422,2004,179600,2000,126.30098452883263
1446,Sawyer,6,913,1,814,1966,129000,1960,141.2924424972618
1447,Mitchel,5,1188,1,1188,1962,157900,1960,132.9124579124579
1448,CollgCr,8,2090,2,1220,1995,240000,1990,114.83253588516746
1449,Edwards,4,1346,1,560,1910,112000,1910,83.20950965824666
1450,MeadowV,5,630,0,630,1970,92000,1970,146.03174603174602
1451,NAmes,5,1792,0,896,1974,136000,1970,75.89285714285714
1452,Somerst,8,1578,3,1573,2008,287090,2000,181.93282636248415
1453,Edwards,5,1072,2,547,2005,145000,2000,135.26119402985074
1454,Mitchel,5,1140,0,1140,2006,84500,2000,74.12280701754386
1455,Somerst,7,1221,2,1221,2004,185000,2000,151.5151515151515
1456,Gilbert,6,1647,2,953,1999,175000,1990,106.25379477838494
1457,NWAmes,6,2073,2,1542,1978,210000,1970,101.30246020260492
1458,Crawfor,7,2340,1,1152,1941,266500,1940,113.88888888888889
1459,NAmes,5,1078,1,1078,1950,142125,1950,131.8413729128015
1460,Edwards,5,1256,1,1256,1965,147500,1960,117.43630573248407
